doc_id,dataset,relative_path,dataset_relative_path,file_name,stem,extension,size_bytes,modified_time,md5,sha256
DOC-00001,DHF,DHF -梳理版/01 立项批准书E0/客户需求书(封面)E0.doc,01 立项批准书E0/客户需求书(封面)E0.doc,客户需求书(封面)E0.doc,客户需求书(封面)E0,doc,71168,2026-04-21T00:47:06+00:00,762b8b306ee72de6f349be897daaaf20,563911f987dfb7e6bf452f51a6a5e82bf685aff38a65b535987bc032df0b3e85
DOC-00002,DHF,DHF -梳理版/01 立项批准书E0/客户需求书E0.xls,01 立项批准书E0/客户需求书E0.xls,客户需求书E0.xls,客户需求书E0,xls,143872,2026-04-21T01:08:48+00:00,955d8450106fb6c91b80feeadb507872,dcc65bb23a865240e71171efbdf24f0f40f12ee6afefe367d9a0a80b1a575bc1
DOC-00003,DHF,DHF -梳理版/01 立项批准书E0/客户需求评审单E0.doc,01 立项批准书E0/客户需求评审单E0.doc,客户需求评审单E0.doc,客户需求评审单E0,doc,60416,2026-04-21T00:48:40+00:00,8fc9b9beaa57eafa7c1ca3cf00c15017,34b11d41d3cd5bcf5d8c37c1b4b1e5d53b2ab00cd52a70a5cfd58fb8f1fba189
DOC-00004,DHF,DHF -梳理版/01 立项批准书E0/立项批准书E0.doc,01 立项批准书E0/立项批准书E0.doc,立项批准书E0.doc,立项批准书E0,doc,79360,2026-04-21T01:09:48+00:00,c4b71c6d777df4ce8000258cf6de0135,6975d913388ccdf045d1fc9a6ae5cb036e40da484135096c8e890a333bab84b3
DOC-00005,DHF,DHF -梳理版/02 开发计划E0/设计开发计划(封面)E0.doc,02 开发计划E0/设计开发计划(封面)E0.doc,设计开发计划(封面)E0.doc,设计开发计划(封面)E0,doc,56832,2025-09-16T00:55:38+00:00,99363267dc0b33453aa9474c968082a5,8afd4734d5515d6cf181cf7b97b4af7546b526cd47beff12c4367582795d538e
DOC-00006,DHF,DHF -梳理版/02 开发计划E0/设计开发计划表E0.xls,02 开发计划E0/设计开发计划表E0.xls,设计开发计划表E0.xls,设计开发计划表E0,xls,104448,2026-04-21T01:12:32+00:00,4991ac46117978f0cacd69c11d6692d5,c6016631f643f56f19e1b11588e280c61c608a90b76c0412fbe1fbaead739b33
DOC-00007,DHF,DHF -梳理版/02 开发计划E0/设计开发计划评审表E0.doc,02 开发计划E0/设计开发计划评审表E0.doc,设计开发计划评审表E0.doc,设计开发计划评审表E0,doc,101888,2026-04-21T01:14:12+00:00,c0472f45d1bd258398164af5b1326ce0,165632409785053c17ed612c55c9e58b3413f6253c77879ad0e44b9b07cad709
DOC-00008,DHF,DHF -梳理版/02 开发计划E0/项目组成员名单E0.doc,02 开发计划E0/项目组成员名单E0.doc,项目组成员名单E0.doc,项目组成员名单E0,doc,39936,2025-09-16T00:55:36+00:00,1d327f166facd4e8f04878808c6f013e,5f590644ea5ee987b99fefe8777113d4c871bea718e51d84a5c92ec8174259e6
DOC-00009,DHF,DHF -梳理版/02 开发计划E0/项目进度表.pdf,02 开发计划E0/项目进度表.pdf,项目进度表.pdf,项目进度表,pdf,141661,2025-09-16T00:55:38+00:00,d2c03d07e153e8103f5b5e92b77635e5,7366ce56060176b584cc41276af3065f8109e95f983d30d0c37c4936b659ca1b
DOC-00010,DHF,DHF -梳理版/03 风险/PT9L--Attachment 7 01 Risk Management Plan PT9L-FXJH01 V1.0.docx,03 风险/PT9L--Attachment 7 01 Risk Management Plan PT9L-FXJH01 V1.0.docx,PT9L--Attachment 7 01 Risk Management Plan PT9L-FXJH01 V1.0.docx,PT9L--Attachment 7 01 Risk Management Plan PT9L-FXJH01 V1.0,docx,57414,2026-04-21T01:23:24+00:00,6556f088c7af3d4e7d11fedcd5bc01f8,0575f2c5307ce3ccc985f9a1fa240eda514fa756e1bd8287e81314b0ab9f5a1c
DOC-00011,DHF,DHF -梳理版/03 风险/PT9L--Attachment 7 02 Risk Assessment Report PT9L-FXPJ01 V1.0.docx,03 风险/PT9L--Attachment 7 02 Risk Assessment Report PT9L-FXPJ01 V1.0.docx,PT9L--Attachment 7 02 Risk Assessment Report PT9L-FXPJ01 V1.0.docx,PT9L--Attachment 7 02 Risk Assessment Report PT9L-FXPJ01 V1.0,docx,97389,2026-04-21T07:08:36+00:00,e87a842b17baf3356d3a696a47f2bea0,5629e24e2ee17cf7a019fb8a4e99e871b7a8ab04f6c68992a6a7a0987cd5eb4e
DOC-00012,DHF,DHF -梳理版/04 设计输入E0/设计评审计划表-设计输入E0.doc,04 设计输入E0/设计评审计划表-设计输入E0.doc,设计评审计划表-设计输入E0.doc,设计评审计划表-设计输入E0,doc,39424,2026-04-21T07:09:44+00:00,c11c28ceb6ec61c1e68963939bdfa1af,2b237ff11f74c25206fca6e2cbe7ae4872dd3412d87a46ca89cc9fbad327531c
DOC-00013,DHF,DHF -梳理版/04 设计输入E0/设计输入(封面)E0.doc,04 设计输入E0/设计输入(封面)E0.doc,设计输入(封面)E0.doc,设计输入(封面)E0,doc,58368,2025-09-16T00:55:52+00:00,0e03c571a893510f64714c0c82f9579a,a568152532cdc9d492aef3c1a4bdc013d418c3597bc516bff60f3f25b81ae9c7
DOC-00014,DHF,DHF -梳理版/04 设计输入E0/设计输入汇总表E0.xls,04 设计输入E0/设计输入汇总表E0.xls,设计输入汇总表E0.xls,设计输入汇总表E0,xls,957952,2026-04-21T01:46:40+00:00,1348a35b7b9b317843dcaf4fd0629db1,6618cb98a7ce2c9e19c962b1250f9998d7d6b5bb14abf204ce0a43afbb41825b
DOC-00015,DHF,DHF -梳理版/04 设计输入E0/设计输入评审检查表.xls,04 设计输入E0/设计输入评审检查表.xls,设计输入评审检查表.xls,设计输入评审检查表,xls,125952,2026-04-21T01:53:50+00:00,fa2076b2e945a264db1950cebcd3264f,57409178a8d21967ece26b3827c9ab7efb12505a80736b7a08886d865dc49fc7
DOC-00016,DHF,DHF -梳理版/04 设计输入E0/设计输入评审记录.doc,04 设计输入E0/设计输入评审记录.doc,设计输入评审记录.doc,设计输入评审记录,doc,43520,2025-09-16T00:55:52+00:00,e74951903980a7da71262a7a16479483,0022a3648e5443cbb1c9624b9bf6c3a37243e62551c89f307c8a989940577307
DOC-00017,DHF,DHF -梳理版/05 结构方案阶段及图样E0/结构图样阶段E0/结构图样评审检查表E0.xls,05 结构方案阶段及图样E0/结构图样阶段E0/结构图样评审检查表E0.xls,结构图样评审检查表E0.xls,结构图样评审检查表E0,xls,31744,2026-04-21T02:38:40+00:00,78b80378bfa46851fdc88e367c918dc7,9d26a75f8a8077749fe7864c9e1b9adbe0a29b928046fd44b90ab6c7f242e145
DOC-00018,DHF,DHF -梳理版/05 结构方案阶段及图样E0/结构图样阶段E0/设计评审计划表E0.doc,05 结构方案阶段及图样E0/结构图样阶段E0/设计评审计划表E0.doc,设计评审计划表E0.doc,设计评审计划表E0,doc,39936,2026-04-21T02:37:48+00:00,d6ab824784f5d012ad91964ae6a7d1b3,a8cbb434d2dfacc2ccfa6511b1ba2804cfe44e1ba5d32f795a2151d3591aa999
DOC-00019,DHF,DHF -梳理版/05 结构方案阶段及图样E0/结构图样阶段E0/设计评审记录E0.doc,05 结构方案阶段及图样E0/结构图样阶段E0/设计评审记录E0.doc,设计评审记录E0.doc,设计评审记录E0,doc,231424,2025-09-16T00:57:36+00:00,441b8b5abfc9afa4c9fa3be57f8b2654,f6e64a2430b57eb455ca7850b2cddb4b38aa240aa6d604206196d49c7dd00886
DOC-00020,DHF,DHF -梳理版/05 结构方案阶段及图样E0/结构设计方案E0.doc,05 结构方案阶段及图样E0/结构设计方案E0.doc,结构设计方案E0.doc,结构设计方案E0,doc,20766,2025-09-16T00:56:36+00:00,462b0c4a081fd53d5f0f2b6a68f0c55e,abc23e667b7fc72e216010a1c89b6268929b4b03c8508c1b5a04bf6379aab9ee
DOC-00021,DHF,DHF -梳理版/05 结构方案阶段及图样E0/结构设计方案评审检查表.xls,05 结构方案阶段及图样E0/结构设计方案评审检查表.xls,结构设计方案评审检查表.xls,结构设计方案评审检查表,xls,24576,2025-09-16T00:56:36+00:00,132bdf4fc58694da7f0dbada3b0bc23c,b893436aaf82d7773eae385450b72556636516ab536e53e15dfbcd86cf6b372d
DOC-00022,DHF,DHF -梳理版/05 结构方案阶段及图样E0/设计评审计划表-方案评审E0.doc,05 结构方案阶段及图样E0/设计评审计划表-方案评审E0.doc,设计评审计划表-方案评审E0.doc,设计评审计划表-方案评审E0,doc,25600,2025-09-16T00:56:36+00:00,5cb17e9b4171a5b8f82640929a40c572,732313ec1568ed95de8366e55f3349bfd7e557e891298cd1612fa26fc57371a3
DOC-00023,DHF,DHF -梳理版/05 结构方案阶段及图样E0/设计评审记录E0.doc,05 结构方案阶段及图样E0/设计评审记录E0.doc,设计评审记录E0.doc,设计评审记录E0,doc,216064,2026-04-21T01:57:30+00:00,de682aba2e1ba2712cc89596c1ddf4c0,db15bf4db2a47600e0220d1bc7d9cb6bbaf75ec6bb4df952f1d490d5e316d8dc
DOC-00024,DHF,DHF -梳理版/06 硬件方案阶段及图样E0/硬件图样阶段E0/硬件图样评审检查表E0.xls,06 硬件方案阶段及图样E0/硬件图样阶段E0/硬件图样评审检查表E0.xls,硬件图样评审检查表E0.xls,硬件图样评审检查表E0,xls,29696,2026-04-21T02:43:22+00:00,5e68046bb63d19b658cb75040c55e7a9,00799c3d99025ef4033cb979ab99b00876348705333865f6d14bd2f405a8d854
DOC-00025,DHF,DHF -梳理版/06 硬件方案阶段及图样E0/硬件图样阶段E0/设计评审计划表E0.doc,06 硬件方案阶段及图样E0/硬件图样阶段E0/设计评审计划表E0.doc,设计评审计划表E0.doc,设计评审计划表E0,doc,25886,2025-09-16T00:56:58+00:00,9603c33de19cac2f75f5241042763f57,968f9dc716756ab5b434fff4d36980d2808a450a86ecae7406c6cf09f3ab6553
DOC-00026,DHF,DHF -梳理版/06 硬件方案阶段及图样E0/硬件图样阶段E0/设计评审记录E0.doc,06 硬件方案阶段及图样E0/硬件图样阶段E0/设计评审记录E0.doc,设计评审记录E0.doc,设计评审记录E0,doc,218112,2026-04-21T02:40:10+00:00,35c8546e905340b52807f12a6a4b715b,d6f5374278ae25fc526b85e4411eea3eb99da9fe43558a6133173836927c4967
DOC-00027,DHF,DHF -梳理版/06 硬件方案阶段及图样E0/硬件设计方案E0.doc,06 硬件方案阶段及图样E0/硬件设计方案E0.doc,硬件设计方案E0.doc,硬件设计方案E0,doc,180536,2025-09-16T00:57:16+00:00,f3f909f4621b809f42cf5b711ca1d96b,6331c21b94af80108fe7370e5f7e487e22e2746dd59612608ad97f3256f75aeb
DOC-00028,DHF,DHF -梳理版/06 硬件方案阶段及图样E0/硬件设计方案评审检查表E0.xls,06 硬件方案阶段及图样E0/硬件设计方案评审检查表E0.xls,硬件设计方案评审检查表E0.xls,硬件设计方案评审检查表E0,xls,22528,2025-09-16T00:57:16+00:00,e568c279c4d7456f39c8947dd4e753fa,781b8c2d445eb2b46b43b2e0d077243fa5f08433d1c6076d8620769fcc0dd9a8
DOC-00029,DHF,DHF -梳理版/06 硬件方案阶段及图样E0/设计评审计划表E0.doc,06 硬件方案阶段及图样E0/设计评审计划表E0.doc,设计评审计划表E0.doc,设计评审计划表E0,doc,25288,2025-09-16T00:57:16+00:00,4165158b2114f80978a9b5647b909ca9,4bb015ab6069c9eecdaa5ffcd2a8199954f9a850ad641904c9b3bc81ba558457
DOC-00030,DHF,DHF -梳理版/06 硬件方案阶段及图样E0/设计评审记录E0.doc,06 硬件方案阶段及图样E0/设计评审记录E0.doc,设计评审记录E0.doc,设计评审记录E0,doc,131584,2025-09-16T00:57:16+00:00,23cc196aaa1e66fc6189af5a75189fe4,74cf4badc68125c254695c1a0a0aa97d48f97a71b36fb63fd26e97eb8ccd384f
DOC-00031,DHF,DHF -梳理版/07 软件方案阶段及图样E0/质量策划E0/设计评审计划表-方案评审E0.doc,07 软件方案阶段及图样E0/质量策划E0/设计评审计划表-方案评审E0.doc,设计评审计划表-方案评审E0.doc,设计评审计划表-方案评审E0,doc,38912,2026-04-21T02:26:16+00:00,6a31444b82e7fa6aecbc0b91fb8d7e7b,d76eea462159bcfe1e222afaa9f53b46d53f268e3d81fd449b9063feb88eb560
DOC-00032,DHF,DHF -梳理版/07 软件方案阶段及图样E0/质量策划E0/设计评审记录E0.doc,07 软件方案阶段及图样E0/质量策划E0/设计评审记录E0.doc,设计评审记录E0.doc,设计评审记录E0,doc,145920,2026-04-21T02:24:08+00:00,56ee32e8e422f03c1e15ee3b8c2c361e,da826f9a89abd60d4e4669ec8cc181b15ad8cd734b6900a4a029f6b80db03b83
DOC-00033,DHF,DHF -梳理版/07 软件方案阶段及图样E0/质量策划E0/质量策划E0.doc,07 软件方案阶段及图样E0/质量策划E0/质量策划E0.doc,质量策划E0.doc,质量策划E0,doc,86528,2026-04-21T02:22:58+00:00,cda756c1b3eb1e732ece18e0aec82d69,dae1c686a235f1f3d238d079051e4085dca8cf30c59a5cd39d9d999c123b9cbc
DOC-00034,DHF,DHF -梳理版/07 软件方案阶段及图样E0/质量策划E0/软件质量策划评审检查表E0.xls,07 软件方案阶段及图样E0/质量策划E0/软件质量策划评审检查表E0.xls,软件质量策划评审检查表E0.xls,软件质量策划评审检查表E0,xls,28672,2026-04-21T02:25:26+00:00,697fbb4f805b154998d87415eb569cab,e7fcf5d3525e0d7d30c4214a22e6213f88e61e533a928b29a0a9da0827f78ab0
DOC-00035,DHF,DHF -梳理版/07 软件方案阶段及图样E0/软件图样E0/设计评审计划表-图样评审E0.doc,07 软件方案阶段及图样E0/软件图样E0/设计评审计划表-图样评审E0.doc,设计评审计划表-图样评审E0.doc,设计评审计划表-图样评审E0,doc,39936,2026-04-21T02:33:24+00:00,8c89fbbd521cbda77fca38450dcb06ec,001efa507b6a452b7162f7d1fd89a341efb5273f2c1fb7a6973c77a5c13c1ed5
DOC-00036,DHF,DHF -梳理版/07 软件方案阶段及图样E0/软件图样E0/设计评审记录E0.doc,07 软件方案阶段及图样E0/软件图样E0/设计评审记录E0.doc,设计评审记录E0.doc,设计评审记录E0,doc,146432,2026-04-21T02:27:58+00:00,c834695fcb099e4cfa6e954a61f90686,9788e9464d4e1cbc0238fcb9e90eec06371de3c93e9d1cb6f30cbcbf5d455921
DOC-00037,DHF,DHF -梳理版/07 软件方案阶段及图样E0/软件图样E0/软件图样E0.doc,07 软件方案阶段及图样E0/软件图样E0/软件图样E0.doc,软件图样E0.doc,软件图样E0,doc,2812928,2026-04-21T02:31:40+00:00,45930e20b846926fd4da4e9f6c6e2a7d,08d9f0b6c3aef9b01a3f57e33179994456bcfab37b5ba14e2c9ab1b8926358a5
DOC-00038,DHF,DHF -梳理版/07 软件方案阶段及图样E0/软件图样E0/软件图样评审检查表E0.xls,07 软件方案阶段及图样E0/软件图样E0/软件图样评审检查表E0.xls,软件图样评审检查表E0.xls,软件图样评审检查表E0,xls,26112,2026-04-21T02:29:10+00:00,01a3ec70db196ef10bda7040678e06bb,dc0d6db14d40618d806ea470d6b39bcd9212ad7482d5f643db5c88d929d0a3ee
DOC-00039,DHF,DHF -梳理版/07 软件方案阶段及图样E0/软件方案E0/设计评审计划表-方案评审E0.doc,07 软件方案阶段及图样E0/软件方案E0/设计评审计划表-方案评审E0.doc,设计评审计划表-方案评审E0.doc,设计评审计划表-方案评审E0,doc,39424,2026-04-21T02:12:02+00:00,816b7977f7914d678644059475ede664,bfe8631f70d55e8820a6c9876e308cc2d2bd30fbc67617b0418bb9a30d606030
DOC-00040,DHF,DHF -梳理版/07 软件方案阶段及图样E0/软件方案E0/设计评审记录E0.doc,07 软件方案阶段及图样E0/软件方案E0/设计评审记录E0.doc,设计评审记录E0.doc,设计评审记录E0,doc,145408,2026-04-21T02:13:14+00:00,dc1a0535a662a677adb60961acd25b22,20108e62171b7a176dd2be89e935a8fe8cbdd6f565cc57ece916dd7fc27bdd48
DOC-00041,DHF,DHF -梳理版/07 软件方案阶段及图样E0/软件方案E0/软件方案设计E0.doc,07 软件方案阶段及图样E0/软件方案E0/软件方案设计E0.doc,软件方案设计E0.doc,软件方案设计E0,doc,321536,2026-04-21T02:06:50+00:00,36749c2767a1dc79b16da523929001d7,fe9dac18b5262be3c3fd6c101fb225519b1b0c4f77a8ed14bc4fa7732cd6d24b
DOC-00042,DHF,DHF -梳理版/07 软件方案阶段及图样E0/软件方案E0/软件设计方案评审检查表E0.xls,07 软件方案阶段及图样E0/软件方案E0/软件设计方案评审检查表E0.xls,软件设计方案评审检查表E0.xls,软件设计方案评审检查表E0,xls,26112,2026-04-21T02:12:52+00:00,2a2efdcdd54d13c119d2e5d78236bb2b,1e5e152ae96d08e01562069c8c18c67f2cab54f4e03cca3ad67e52e26d463d25
DOC-00043,DHF,DHF -梳理版/07 软件方案阶段及图样E0/软件需求E0/设计评审计划表-方案评审E0.doc,07 软件方案阶段及图样E0/软件需求E0/设计评审计划表-方案评审E0.doc,设计评审计划表-方案评审E0.doc,设计评审计划表-方案评审E0,doc,39424,2026-04-21T02:20:16+00:00,29d4001a6705b62403881133bd34435d,1240f844c7f88f30e27e4fe0ddb4f4db7b0f4b5ac7f2fe2141c7360ca9272f4b
DOC-00044,DHF,DHF -梳理版/07 软件方案阶段及图样E0/软件需求E0/设计评审记录E0.doc,07 软件方案阶段及图样E0/软件需求E0/设计评审记录E0.doc,设计评审记录E0.doc,设计评审记录E0,doc,145408,2026-04-21T02:15:16+00:00,84e40389869a5cd838820f6e54f5baac,38388285ab3c0d202677baf02712d5da87e4646d1c50059093d5ec8847b3fdc4
DOC-00045,DHF,DHF -梳理版/07 软件方案阶段及图样E0/软件需求E0/软件需求规格E0.doc,07 软件方案阶段及图样E0/软件需求E0/软件需求规格E0.doc,软件需求规格E0.doc,软件需求规格E0,doc,82944,2026-04-21T02:19:16+00:00,cb29bcfbd1b9cb410e4b70917f2f7356,744182805313805cb1e9a05984f7431d2120caa39693ba317ca8096719c6817f
DOC-00046,DHF,DHF -梳理版/07 软件方案阶段及图样E0/软件需求E0/软件需求规格书评审检查表E0.xls,07 软件方案阶段及图样E0/软件需求E0/软件需求规格书评审检查表E0.xls,软件需求规格书评审检查表E0.xls,软件需求规格书评审检查表E0,xls,26624,2026-04-21T02:16:16+00:00,dad47542af4f991f2afa11c38418650d,655ec5f98a8d0a04e20a6ad835c5fe8eeabeeb8243c27cf5d8a635aa0d798750
DOC-00047,DHF,DHF -梳理版/08 T1样机/01-DFMEA E0/包装类FMEA E0.xlsx,08 T1样机/01-DFMEA E0/包装类FMEA E0.xlsx,包装类FMEA E0.xlsx,包装类FMEA E0,xlsx,72880,2025-09-16T00:58:18+00:00,62ce6e763459628c49dbaf3884a6f9ae,aa5ea8bbd90140a9b10d89401ded9f37c47a322c99b3cea92c5dec283cfe6cd5
DOC-00048,DHF,DHF -梳理版/08 T1样机/01-DFMEA E0/潜在设计失效模式及后果分析（设计FMEA）封面E0.doc,08 T1样机/01-DFMEA E0/潜在设计失效模式及后果分析（设计FMEA）封面E0.doc,潜在设计失效模式及后果分析（设计FMEA）封面E0.doc,潜在设计失效模式及后果分析（设计FMEA）封面E0,doc,52736,2026-04-21T02:47:18+00:00,499f8c84f3be2a7adf20265f34e647aa,7ca09c11ca5b965a6764ca4024c5384cb020bdfa794cc195b58f9edfcca55c44
DOC-00049,DHF,DHF -梳理版/08 T1样机/01-DFMEA E0/硬件类 FMEA E0.xls,08 T1样机/01-DFMEA E0/硬件类 FMEA E0.xls,硬件类 FMEA E0.xls,硬件类 FMEA E0,xls,87552,2026-04-21T02:49:44+00:00,3df15653943c873a89dcf3392b8f1c3e,3ce9b8a5333343a985523e64588e7c5794702e10e06f3ce6711e64674174e2f1
DOC-00050,DHF,DHF -梳理版/08 T1样机/01-DFMEA E0/结构类FMEA  E0.xlsx,08 T1样机/01-DFMEA E0/结构类FMEA  E0.xlsx,结构类FMEA  E0.xlsx,结构类FMEA  E0,xlsx,68578,2026-04-21T02:46:40+00:00,75fe1ca351f0149c60dd7dbe8845f70a,d5b2a8c5c89bbe245db1ac3f7c8ac8bd7424c5093f4fc182a1aa641d1e1bfc38
DOC-00051,DHF,DHF -梳理版/08 T1样机/02-软件构建和编码E0.doc,08 T1样机/02-软件构建和编码E0.doc,02-软件构建和编码E0.doc,02-软件构建和编码E0,doc,84477,2025-09-16T00:58:24+00:00,01168b6547eaaf7b5d948d30e9481668,8a58d7e8a75ccdef7bd013a9f7e59bd1f6bd20bf76a7511b75dc42914756501c
DOC-00052,DHF,DHF -梳理版/08 T1样机/03-PT9L红外体温计产品检验标准 V1.0.doc,08 T1样机/03-PT9L红外体温计产品检验标准 V1.0.doc,03-PT9L红外体温计产品检验标准 V1.0.doc,03-PT9L红外体温计产品检验标准 V1.0,doc,991123,2025-09-16T00:58:22+00:00,3471f83e990fdfe5ff3fc1f0e1b08236,13b6c242a1cec1a0e81dd0a0c3f8ab7b12cb8a6399f05136c0db327362ac3b77
DOC-00053,DHF,DHF -梳理版/08 T1样机/04-设计验证计划E0/设计验证计划(封面)E0.doc,08 T1样机/04-设计验证计划E0/设计验证计划(封面)E0.doc,设计验证计划(封面)E0.doc,设计验证计划(封面)E0,doc,78336,2025-09-16T00:58:18+00:00,e44e55260bd1b7fc2b29e93a5333656d,fff2d5278842ef6cc6de6bd6996177f392447e31f9fae6e70a52751a5a9e7a82
DOC-00054,DHF,DHF -梳理版/08 T1样机/04-设计验证计划E0/设计验证计划-功能规格部分E0.xls,08 T1样机/04-设计验证计划E0/设计验证计划-功能规格部分E0.xls,设计验证计划-功能规格部分E0.xls,设计验证计划-功能规格部分E0,xls,31744,2025-09-16T00:58:18+00:00,8026f19610939b8a82375e72df07c47e,2966779c58fe9190ce8afc3dad69001067c1874e9d4ea9a717bf0799f5828ff1
DOC-00055,DHF,DHF -梳理版/08 T1样机/04-设计验证计划E0/设计验证计划-性能规格部分E0.xls,08 T1样机/04-设计验证计划E0/设计验证计划-性能规格部分E0.xls,设计验证计划-性能规格部分E0.xls,设计验证计划-性能规格部分E0,xls,109056,2026-04-21T02:56:18+00:00,cbbc02c2692ebd011217ca41d022e229,6aa92ef9aaf6a7eac8a9e61790ed73d59eeb5619bd88d342d3c38de433656cc5
DOC-00056,DHF,DHF -梳理版/08 T1样机/04-设计验证计划E0/设计验证计划-组件规格部分E0.xls,08 T1样机/04-设计验证计划E0/设计验证计划-组件规格部分E0.xls,设计验证计划-组件规格部分E0.xls,设计验证计划-组件规格部分E0,xls,33280,2026-04-21T03:01:24+00:00,fb823540bcb3de564773431f2844881e,6e1adf8108edcfe5e9587797bd4e46b41f998d680309809a0f09db516660a52f
DOC-00057,DHF,DHF -梳理版/08 T1样机/04-设计验证计划E0/设计验证计划-通用要求和法规部分E0.xls,08 T1样机/04-设计验证计划E0/设计验证计划-通用要求和法规部分E0.xls,设计验证计划-通用要求和法规部分E0.xls,设计验证计划-通用要求和法规部分E0,xls,90624,2026-04-21T02:59:42+00:00,3c930ccd2b080dcea8ff10043ca4530c,2c7810ada79797fafc8e7b2f4cf46b60014b054d2ec9ed4fe80f13fde0166186
DOC-00058,DHF,DHF -梳理版/08 T1样机/05-软件测试计划及测试记录E0/PT9L-记录测试.xls,08 T1样机/05-软件测试计划及测试记录E0/PT9L-记录测试.xls,PT9L-记录测试.xls,PT9L-记录测试,xls,19456,2025-09-16T00:58:20+00:00,b943bbd9624e2a9d4359508e1cbab0a6,14663ea5419a7258182cbb4735e25b7e2c95134f7df50f2ff5cb4642b4a2aca7
DOC-00059,DHF,DHF -梳理版/08 T1样机/05-软件测试计划及测试记录E0/子程序测试记录-封皮E0.doc,08 T1样机/05-软件测试计划及测试记录E0/子程序测试记录-封皮E0.doc,子程序测试记录-封皮E0.doc,子程序测试记录-封皮E0,doc,40448,2025-09-16T00:58:20+00:00,2e298056de2a4961e73591c5ce87a59c,3c17cc9438a1c60815db0298e03c52f6fc2943baabfb30837b803691288ae889
DOC-00060,DHF,DHF -梳理版/08 T1样机/05-软件测试计划及测试记录E0/子程序测试记录E0.doc,08 T1样机/05-软件测试计划及测试记录E0/子程序测试记录E0.doc,子程序测试记录E0.doc,子程序测试记录E0,doc,121344,2025-09-16T00:58:20+00:00,d7c12546fcdfce6fea3d67f12d8df589,d99c089a8ab2e1fcd9697621e99f776e173d354ef611e64e0f574123d805dbc8
DOC-00061,DHF,DHF -梳理版/08 T1样机/05-软件测试计划及测试记录E0/软件测试计划E0.doc,08 T1样机/05-软件测试计划及测试记录E0/软件测试计划E0.doc,软件测试计划E0.doc,软件测试计划E0,doc,227328,2026-04-21T03:06:02+00:00,47e2ee86ea8b36174b8763a5ea5d780a,b18ef1a1c65e7bed6f4062e8971573f4f99ef8dabfac7706d3b489117a1dd50d
DOC-00062,DHF,DHF -梳理版/08 T1样机/05-软件测试计划及测试记录E0/软件系统测试记录 E0.doc,08 T1样机/05-软件测试计划及测试记录E0/软件系统测试记录 E0.doc,软件系统测试记录 E0.doc,软件系统测试记录 E0,doc,121734,2025-09-16T00:58:20+00:00,52ae09c6400022a6ddc8d8409c87401c,159cd6e9ede0cc3c49c489b5570a4098f5b4b0e24bee8ec7099fd902222df00b
DOC-00063,DHF,DHF -梳理版/08 T1样机/05-软件测试计划及测试记录E0/软件系统测试记录－封面E0.doc,08 T1样机/05-软件测试计划及测试记录E0/软件系统测试记录－封面E0.doc,软件系统测试记录－封面E0.doc,软件系统测试记录－封面E0,doc,16384,2025-09-16T00:58:20+00:00,a28bdaef96539c6b873569e3de43a604,91abb6dfaa0f50fd14c59bc0bf05e718d315f029a72d14df2bb71e8265205c2f
DOC-00064,DHF,DHF -梳理版/08 T1样机/06-包装原稿&设计稿/K040200021397620814-图纸-PT9L-CBZP01+V3.1.pdf,08 T1样机/06-包装原稿&设计稿/K040200021397620814-图纸-PT9L-CBZP01+V3.1.pdf,K040200021397620814-图纸-PT9L-CBZP01+V3.1.pdf,K040200021397620814-图纸-PT9L-CBZP01+V3.1,pdf,5368493,2025-03-14T07:24:42+00:00,c882db73bc26a4d7376cff043884ea1e,fada161f2f601d154a84c41ab6e249c2acbd733413bf475a6c9c2544e3e533f8
DOC-00065,DHF,DHF -梳理版/08 T1样机/06-包装原稿&设计稿/K040700022027620814-图纸-PT9L-SMSP01+V1.0.pdf,08 T1样机/06-包装原稿&设计稿/K040700022027620814-图纸-PT9L-SMSP01+V1.0.pdf,K040700022027620814-图纸-PT9L-SMSP01+V1.0.pdf,K040700022027620814-图纸-PT9L-SMSP01+V1.0,pdf,10181561,2025-04-09T02:05:08+00:00,004237cf604841fce24d8c6b72dd7d4f,422b9bfec5d7957fe90de22a611ddb03b65220958f37dfe547ffc143270b76ed
DOC-00066,DHF,DHF -梳理版/08 T1样机/06-包装原稿&设计稿/PT9L-operation guide（原稿）.docx,08 T1样机/06-包装原稿&设计稿/PT9L-operation guide（原稿）.docx,PT9L-operation guide（原稿）.docx,PT9L-operation guide（原稿）,docx,454951,2026-04-21T03:15:06+00:00,f13b299121df58fc18ca5f19e281741f,99d4e53f262c490083dfcb4b5fc789e6c44d0f2ef96737ced561d81573b84771
DOC-00067,DHF,DHF -梳理版/08 T1样机/07-PT9L电池使用寿命测试报告 V1.0.doc,08 T1样机/07-PT9L电池使用寿命测试报告 V1.0.doc,07-PT9L电池使用寿命测试报告 V1.0.doc,07-PT9L电池使用寿命测试报告 V1.0,doc,26112,2025-09-16T00:58:22+00:00,2e5c5c806d17708072551a178260ddf2,ca18593ecc57513b3940e10c3191799e8b1fb10228c0d7933e5fc5b3dea606ad
DOC-00068,DHF,DHF -梳理版/08 T1样机/08-PT9L整机寿命测试报告.doc,08 T1样机/08-PT9L整机寿命测试报告.doc,08-PT9L整机寿命测试报告.doc,08-PT9L整机寿命测试报告,doc,24096,2025-09-16T00:58:22+00:00,a6621d4931f6fce85c1f92dceef0dee8,36c47226f51c3b218ca6a7e72ffce076b1030c2a0985a05cac144f744fea7875
DOC-00069,DHF,DHF -梳理版/08 T1样机/08-PT9L整机寿命测试数据-共55页 一定要双面打印！！！.xlsx,08 T1样机/08-PT9L整机寿命测试数据-共55页 一定要双面打印！！！.xlsx,08-PT9L整机寿命测试数据-共55页 一定要双面打印！！！.xlsx,08-PT9L整机寿命测试数据-共55页 一定要双面打印！！！,xlsx,590373,2025-09-16T00:58:22+00:00,998578e0cdd27f62bb165fb3e09eec3a,217522aa2741aa3aefe83f1b295c101cf1419df5692382be4bd1cb58eef7e293
DOC-00070,DHF,DHF -梳理版/08 T1样机/09-PT9L红外体温计检测报告 V1.0-附件-性能测试数据.xlsx,08 T1样机/09-PT9L红外体温计检测报告 V1.0-附件-性能测试数据.xlsx,09-PT9L红外体温计检测报告 V1.0-附件-性能测试数据.xlsx,09-PT9L红外体温计检测报告 V1.0-附件-性能测试数据,xlsx,29288,2025-09-16T00:58:22+00:00,1b76dcf57eef91252fdea7c25b8436f2,2153e6095a8233752aa5ae052f0a713435fd2a7a1242a1c6fb6c281cafa86bcc
DOC-00071,DHF,DHF -梳理版/08 T1样机/09-PT9L红外体温计检测报告 V1.0.doc,08 T1样机/09-PT9L红外体温计检测报告 V1.0.doc,09-PT9L红外体温计检测报告 V1.0.doc,09-PT9L红外体温计检测报告 V1.0,doc,66048,2025-09-16T00:58:22+00:00,e29bd01f644b33082da28dd3896f41ed,02d0becd245e37f776e70db9f1139c7837a94e5d7c40f4f0fe41a0e6ee7ea64c
DOC-00072,DHF,DHF -梳理版/08 T1样机/10-PT9L标签审核表.xlsx,08 T1样机/10-PT9L标签审核表.xlsx,10-PT9L标签审核表.xlsx,10-PT9L标签审核表,xlsx,1088255,2026-04-21T03:46:32+00:00,99bf35f348da605b8e366096d3a583c4,ddffa6a8e1389979224339c9e4070d75e4ed7670af291ed5a6a39f643d415bee
DOC-00073,DHF,DHF -梳理版/08 T1样机/11-运输试验评估报告/冷热循环.pdf,08 T1样机/11-运输试验评估报告/冷热循环.pdf,冷热循环.pdf,冷热循环,pdf,951619,2025-09-16T00:58:18+00:00,2086d79179187a77ff75ecf662a06993,bf64b35df5f37fe7bda01e1d1327974a674a227e607c99f258a8fabecc6da1b1
DOC-00074,DHF,DHF -梳理版/08 T1样机/11-运输试验评估报告/抗压测试.pdf,08 T1样机/11-运输试验评估报告/抗压测试.pdf,抗压测试.pdf,抗压测试,pdf,1286287,2025-09-16T00:58:18+00:00,5c09c5bb35230286872d5c26afe78e41,a7c5646198ffe9965cce190ba78e463e4320dd1aa96c19c39e3f5a18fd2bf9e4
DOC-00075,DHF,DHF -梳理版/08 T1样机/11-运输试验评估报告/模拟运输.pdf,08 T1样机/11-运输试验评估报告/模拟运输.pdf,模拟运输.pdf,模拟运输,pdf,1197192,2025-09-16T00:58:18+00:00,aed48bc870df18cd399ec842ae7d619c,edfd531b5c76129aba56eb02cbc1971c6b705395a1737ff54e8b3cd214d5e3e6
DOC-00076,DHF,DHF -梳理版/08 T1样机/11-运输试验评估报告/跌落.pdf,08 T1样机/11-运输试验评估报告/跌落.pdf,跌落.pdf,跌落,pdf,764863,2025-09-16T00:58:18+00:00,7ff4b19f86581271024726b2613cfb43,023a9840cb06f97765a7e75cdd5f2bb22fb9bac5c7011d9ec7c2fce354794ed8
DOC-00077,DHF,DHF -梳理版/08 T1样机/11-运输试验评估报告/运输试验评估报告.doc,08 T1样机/11-运输试验评估报告/运输试验评估报告.doc,运输试验评估报告.doc,运输试验评估报告,doc,49664,2025-09-22T07:27:28+00:00,f4628a0b2d1c29e3fd94c39dfe8e9da2,b1d9e7694c7baaf65ea0153b324dc06ed23f85ce130d172941766961c647a00c
DOC-00078,DHF,DHF -梳理版/08 T1样机/12-生物相容性/PT9L生物相容性评估报告.doc,08 T1样机/12-生物相容性/PT9L生物相容性评估报告.doc,PT9L生物相容性评估报告.doc,PT9L生物相容性评估报告,doc,18432,2025-09-16T00:58:16+00:00,f2a8160f26493766a3113019874cac2e,987a45d1bb9f693f136e2de79f5de7b93afef07f6e40ff3123adfb821595c3d2
DOC-00079,DHF,DHF -梳理版/08 T1样机/12-生物相容性/同PT5生物相容性报告/PT5-生物相容性-皮肤刺激1-SDWH-M201905262-4.pdf,08 T1样机/12-生物相容性/同PT5生物相容性报告/PT5-生物相容性-皮肤刺激1-SDWH-M201905262-4.pdf,PT5-生物相容性-皮肤刺激1-SDWH-M201905262-4.pdf,PT5-生物相容性-皮肤刺激1-SDWH-M201905262-4,pdf,7497080,2025-09-16T00:58:14+00:00,ae575504c643b6b8d82c3dac5756572c,a852f79a0727a0f36f1fc706d3ef6964e3a29f341425245d0f865ce5f5866d02
DOC-00080,DHF,DHF -梳理版/08 T1样机/12-生物相容性/同PT5生物相容性报告/PT5-生物相容性-皮肤刺激2-SDWH-M201905262-5.pdf,08 T1样机/12-生物相容性/同PT5生物相容性报告/PT5-生物相容性-皮肤刺激2-SDWH-M201905262-5.pdf,PT5-生物相容性-皮肤刺激2-SDWH-M201905262-5.pdf,PT5-生物相容性-皮肤刺激2-SDWH-M201905262-5,pdf,7553514,2025-09-16T00:58:14+00:00,00fd6250ead3280ca8a5772e95f92c2e,f84aac5af624ac822f42981cf43f4e79669ab73f461a3afcc8b29104915586d1
DOC-00081,DHF,DHF -梳理版/08 T1样机/12-生物相容性/同PT5生物相容性报告/PT5-生物相容性-皮肤致敏1-SDWH-M201905262-2.pdf,08 T1样机/12-生物相容性/同PT5生物相容性报告/PT5-生物相容性-皮肤致敏1-SDWH-M201905262-2.pdf,PT5-生物相容性-皮肤致敏1-SDWH-M201905262-2.pdf,PT5-生物相容性-皮肤致敏1-SDWH-M201905262-2,pdf,8439228,2025-09-16T00:58:16+00:00,cb1c3359a2412dcbba354314941d2a44,6434fa3cb322c1dde16df9d3a4464b5c585015688cee50fbfa578eac3e46421d
DOC-00082,DHF,DHF -梳理版/08 T1样机/12-生物相容性/同PT5生物相容性报告/PT5-生物相容性-皮肤致敏2-SDWH-M201905262-3.pdf,08 T1样机/12-生物相容性/同PT5生物相容性报告/PT5-生物相容性-皮肤致敏2-SDWH-M201905262-3.pdf,PT5-生物相容性-皮肤致敏2-SDWH-M201905262-3.pdf,PT5-生物相容性-皮肤致敏2-SDWH-M201905262-3,pdf,8477611,2025-09-16T00:58:16+00:00,c74eacc2f96d7e59345829ec619d8f02,35a3e57dd45837fcb7c4dc42bde87dff5a5f9cb90d1006b759298f1c88d997f1
DOC-00083,DHF,DHF -梳理版/08 T1样机/12-生物相容性/同PT5生物相容性报告/PT5-生物相容性-细胞毒性-SDWH-M201905262-1.pdf,08 T1样机/12-生物相容性/同PT5生物相容性报告/PT5-生物相容性-细胞毒性-SDWH-M201905262-1.pdf,PT5-生物相容性-细胞毒性-SDWH-M201905262-1.pdf,PT5-生物相容性-细胞毒性-SDWH-M201905262-1,pdf,7390543,2025-09-16T00:58:16+00:00,34b802b0004a7294749f5c9d5a4c5cb9,293e66b04db0704c993f90f03fa8b22c43471cd9c64a1646348abe9b3047a465
DOC-00084,DHF,DHF -梳理版/08 T1样机/12-生物相容性/同PT5生物相容性报告/vssver2.scc,08 T1样机/12-生物相容性/同PT5生物相容性报告/vssver2.scc,vssver2.scc,vssver2,scc,301,2025-09-16T00:58:16+00:00,11ad6510faeafcea96c621d67f32b9db,ddeb4e3a1794d813275667690bdaff086e1c30d669adc8306533fa869342eb63
DOC-00085,DHF,DHF -梳理版/08 T1样机/13-设计验证报告E0/设计验证报告-功能和组件部分E0.xls,08 T1样机/13-设计验证报告E0/设计验证报告-功能和组件部分E0.xls,设计验证报告-功能和组件部分E0.xls,设计验证报告-功能和组件部分E0,xls,45056,2026-04-21T05:26:16+00:00,342d0fd3c816138e01f3f924f7629c45,e9e18b6fa4dea718e3e0cb4e0b48ceaab994916d7b70916093e4cf4fcf4355f1
DOC-00086,DHF,DHF -梳理版/08 T1样机/13-设计验证报告E0/设计验证报告-性能规格部分E0.xls,08 T1样机/13-设计验证报告E0/设计验证报告-性能规格部分E0.xls,设计验证报告-性能规格部分E0.xls,设计验证报告-性能规格部分E0,xls,113664,2026-04-21T05:37:52+00:00,746b5f3cb3fa7bd5c7556b622af29b7d,812086938c5f10c34c8cd7beb565eea9c20d1b3ecbd0746d005d1a03646e46cd
DOC-00087,DHF,DHF -梳理版/08 T1样机/13-设计验证报告E0/设计验证报告-通用要求部分E0.xls,08 T1样机/13-设计验证报告E0/设计验证报告-通用要求部分E0.xls,设计验证报告-通用要求部分E0.xls,设计验证报告-通用要求部分E0,xls,81920,2026-04-21T05:40:48+00:00,0c204cdf8f908257c2d6480c178258c2,dfdd958a6bdf3cbb661a2e6381d01f3a1e8fe7728258f50f3d939a6ec679210e
DOC-00088,DHF,DHF -梳理版/08 T1样机/13-设计验证报告E0/设计验证报告封皮-T1阶段 E0.doc,08 T1样机/13-设计验证报告E0/设计验证报告封皮-T1阶段 E0.doc,设计验证报告封皮-T1阶段 E0.doc,设计验证报告封皮-T1阶段 E0,doc,68608,2026-04-21T05:25:04+00:00,130168a340541e1f5c9947dacc9aaba4,3517600106ca14de5d681c3973ec01c5098ce7dc017f3e4c602fcb8014de8b0d
DOC-00089,DHF,DHF -梳理版/08 T1样机/14 T1样机评审/T1样机设计评审记录E0.doc,08 T1样机/14 T1样机评审/T1样机设计评审记录E0.doc,T1样机设计评审记录E0.doc,T1样机设计评审记录E0,doc,160768,2026-04-21T06:00:42+00:00,00542bdc5c733abdfe37c9664939a446,c267ed5287a274f232081613c3d1205091dd450756f78ff6ee7bf7672c886b9d
DOC-00090,DHF,DHF -梳理版/08 T1样机/14 T1样机评审/T1样机评审检查表E0.xls,08 T1样机/14 T1样机评审/T1样机评审检查表E0.xls,T1样机评审检查表E0.xls,T1样机评审检查表E0,xls,32768,2026-04-21T05:55:04+00:00,b9f0a69a328f9dc61da76bf3b223c532,7e8e15b85afacb81a563edc79d89a2c0ef71de270d34ff7f8dabffcdd05e8b4f
DOC-00091,DHF,DHF -梳理版/08 T1样机/14 T1样机评审/设计评审计划表-T1样机E0.doc,08 T1样机/14 T1样机评审/设计评审计划表-T1样机E0.doc,设计评审计划表-T1样机E0.doc,设计评审计划表-T1样机E0,doc,27984,2025-09-16T00:58:20+00:00,672faf534a0f5e5505c9e822f0854dac,a95d20118cdb71c76ab7b130d7822d6070245237fcae530ea4e463db0459914f
DOC-00092,DHF,DHF -梳理版/08 T1样机/15-BOM/包装类组件清单PT9L-PBOM V1.0.xlsx,08 T1样机/15-BOM/包装类组件清单PT9L-PBOM V1.0.xlsx,包装类组件清单PT9L-PBOM V1.0.xlsx,包装类组件清单PT9L-PBOM V1.0,xlsx,25409,2026-04-21T06:03:22+00:00,fc5ba1df0d662b898aacb081b2e54294,975efbb4fe43443e9555b182760ef3e1eae25f7578560ab6c4455513379954df
DOC-00093,DHF,DHF -梳理版/08 T1样机/15-BOM/总装类组件清单PT9L-ABOM01 V1.0.xls,08 T1样机/15-BOM/总装类组件清单PT9L-ABOM01 V1.0.xls,总装类组件清单PT9L-ABOM01 V1.0.xls,总装类组件清单PT9L-ABOM01 V1.0,xls,80384,2025-09-16T00:58:22+00:00,f5a245ec7673353561d4e0cf40cb484b,271df16509104b3965edef9556a570f97fb3f0d4eae2aa5784d8e83e73af8d69
DOC-00094,DHF,DHF -梳理版/08 T1样机/15-BOM/机芯类组件清单PT9L-EBOM01 V1.0.xlsx,08 T1样机/15-BOM/机芯类组件清单PT9L-EBOM01 V1.0.xlsx,机芯类组件清单PT9L-EBOM01 V1.0.xlsx,机芯类组件清单PT9L-EBOM01 V1.0,xlsx,66819,2025-09-16T00:58:22+00:00,08a669ae071e2d9202f3037cd73108a7,3aef85fa28a2ce61ed1f33a246a6fee83bc54879c74229ef7e5b0e801fa6fc7d
DOC-00095,DHF,DHF -梳理版/09-设计输出/PT9L-设计输出清单一.rar,09-设计输出/PT9L-设计输出清单一.rar,PT9L-设计输出清单一.rar,PT9L-设计输出清单一,rar,3383487,2025-09-16T01:00:00+00:00,793fdd1dd9984424b8ee3bd5fc64bab1,4483411207dd3c810c3f1ed184d78878543e05c993e14e6b36265fee4c62a67e
DOC-00096,DHF,DHF -梳理版/09-设计输出/PT9L-设计输出清单一/设计输出清单一/SMT加工说明.doc,09-设计输出/PT9L-设计输出清单一/设计输出清单一/SMT加工说明.doc,SMT加工说明.doc,SMT加工说明,doc,89088,2025-09-16T00:59:40+00:00,e7b07cb3d4c82760ca2970a6f6d33bb6,ef8df75053190b0914f71b12957bab81837136ae2f0ce0b065db4c623fbba3b6
DOC-00097,DHF,DHF -梳理版/09-设计输出/PT9L-设计输出清单一/设计输出清单一/~WRL2792.tmp,09-设计输出/PT9L-设计输出清单一/设计输出清单一/~WRL2792.tmp,~WRL2792.tmp,~WRL2792,tmp,95748,2025-09-16T00:59:40+00:00,2361e1d5468e8e3cab2e3fd9af5000c8,8969520c70224f025c9aeba55c2ef8bee602076c0f298273e20ef97dd6ac8eb0
DOC-00098,DHF,DHF -梳理版/09-设计输出/PT9L-设计输出清单一/设计输出清单一/产品概述.doc,09-设计输出/PT9L-设计输出清单一/设计输出清单一/产品概述.doc,产品概述.doc,产品概述,doc,49664,2025-09-16T00:59:40+00:00,d10f36a77e7a9faf3783ffe08a549d2d,2f4ddb19a67e716c91d0408cf2b607d8cf59e485d5a1426566c38a09d2bbf558
DOC-00099,DHF,DHF -梳理版/09-设计输出/PT9L-设计输出清单一/设计输出清单一/产品维修指南.doc,09-设计输出/PT9L-设计输出清单一/设计输出清单一/产品维修指南.doc,产品维修指南.doc,产品维修指南,doc,89357,2025-09-16T00:59:40+00:00,4da79c28e055f50333780cb5a741a666,30c53350a22d4b3f03377db6e8de79a4fabe5114b6a26656c65b42e357f22748
DOC-00100,DHF,DHF -梳理版/09-设计输出/PT9L-设计输出清单一/设计输出清单一/产品缺陷定义V1.0.doc,09-设计输出/PT9L-设计输出清单一/设计输出清单一/产品缺陷定义V1.0.doc,产品缺陷定义V1.0.doc,产品缺陷定义V1.0,doc,41984,2025-09-16T00:59:40+00:00,739f61e83ec370291bff4d4f5732f714,9ef3f0a7183293700f2d1661767f0adcdfbdba686671fb16509222ffaec777b0
DOC-00101,DHF,DHF -梳理版/09-设计输出/PT9L-设计输出清单一/设计输出清单一/图纸/PT9L-HFMP01 V1.0-带原理图.pdf,09-设计输出/PT9L-设计输出清单一/设计输出清单一/图纸/PT9L-HFMP01 V1.0-带原理图.pdf,PT9L-HFMP01 V1.0-带原理图.pdf,PT9L-HFMP01 V1.0-带原理图,pdf,847101,2025-09-16T00:59:40+00:00,9c2a8fc9deeaccdabd491dc8aab6ac25,773e68897686b07bf1f355a05c9f4be5112d91930ed594346ecdc307ec8c3a0b
DOC-00102,DHF,DHF -梳理版/09-设计输出/PT9L-设计输出清单一/设计输出清单一/工作原理.doc,09-设计输出/PT9L-设计输出清单一/设计输出清单一/工作原理.doc,工作原理.doc,工作原理,doc,27136,2025-09-16T00:59:40+00:00,9db86d48cb6f21b27be519622d748778,8dc6640cafd9b236bc1d4a240234690836a308156d408952110205bae0257e1f
DOC-00103,DHF,DHF -梳理版/09-设计输出/PT9L-设计输出清单一/设计输出清单一/工艺说明-PT9L.xls,09-设计输出/PT9L-设计输出清单一/设计输出清单一/工艺说明-PT9L.xls,工艺说明-PT9L.xls,工艺说明-PT9L,xls,1839104,2025-09-16T00:59:40+00:00,b1978cdf46e93552ae4ff22b325b36b6,fee76d9138f9544cadb195596ddc9bab140653ee034d3dde5cd4a13a9852cbcf
DOC-00104,DHF,DHF -梳理版/09-设计输出/PT9L-设计输出清单一/设计输出清单一/工艺说明首页.doc,09-设计输出/PT9L-设计输出清单一/设计输出清单一/工艺说明首页.doc,工艺说明首页.doc,工艺说明首页,doc,42373,2025-09-16T00:59:40+00:00,4e1ae6f9c1804195f054d48662c49e98,f60572dbc59b5492e710b8881fc98f90f4ef1043818cf6390bf8e6a6c7564aff
DOC-00105,DHF,DHF -梳理版/09-设计输出/PT9L-设计输出清单一/设计输出清单一/工装操作说明 V1.0-PT9L.doc,09-设计输出/PT9L-设计输出清单一/设计输出清单一/工装操作说明 V1.0-PT9L.doc,工装操作说明 V1.0-PT9L.doc,工装操作说明 V1.0-PT9L,doc,900096,2025-09-16T00:59:40+00:00,1dc3ab52762c543c95caac4a52a81c71,121a5a92ca1e616b8ac2772934da9bad1d729b30ff464f43e19ca7a12552edcf
DOC-00106,DHF,DHF -梳理版/09-设计输出/PT9L-设计输出清单一/设计输出清单一/机芯类组件清单PT9L-EBOM01 V1.0.xlsx,09-设计输出/PT9L-设计输出清单一/设计输出清单一/机芯类组件清单PT9L-EBOM01 V1.0.xlsx,机芯类组件清单PT9L-EBOM01 V1.0.xlsx,机芯类组件清单PT9L-EBOM01 V1.0,xlsx,66824,2025-09-16T00:59:40+00:00,40ba3f7b9216881426c55bfaae239d94,9c97d5c337fdbe6a75405f1f8f23aadbd66d7066279247a1940939c24288c7ff
DOC-00107,DHF,DHF -梳理版/09-设计输出/PT9L-设计输出清单一/设计输出清单一/目标代码输出确认单.doc,09-设计输出/PT9L-设计输出清单一/设计输出清单一/目标代码输出确认单.doc,目标代码输出确认单.doc,目标代码输出确认单,doc,39936,2025-09-16T00:59:40+00:00,f70af1107ee92c3ea2bf42464c546093,26bc60fb405fba6152044d06032e5d195abd79f8a5610746522dbbb818f3e563
DOC-00108,DHF,DHF -梳理版/09-设计输出/PT9L-设计输出清单一/设计输出清单一/设计原理.doc,09-设计输出/PT9L-设计输出清单一/设计输出清单一/设计原理.doc,设计原理.doc,设计原理,doc,15360,2025-09-16T00:59:40+00:00,bf5d7d5ec3e4c2fd8e1680f81fb5c129,2b8e82ccb97edf687498423829dc97d2c53ee0cce54896f30e9dd2f49ac396e3
DOC-00109,DHF,DHF -梳理版/09-设计输出/PT9L-设计输出清单一/设计输出清单一/设计输出清单一.xlsx,09-设计输出/PT9L-设计输出清单一/设计输出清单一/设计输出清单一.xlsx,设计输出清单一.xlsx,设计输出清单一,xlsx,14583,2025-09-16T00:59:40+00:00,983b56eeba1e901dd7ed6b3233c4d027,74e4ffc81b29d1d7ff9b424d1a8db0f6a767ca0fe69e032f7a6169ad0ddc0907
DOC-00110,DHF,DHF -梳理版/09-设计输出/设计输出清单二.zip,09-设计输出/设计输出清单二.zip,设计输出清单二.zip,设计输出清单二,zip,38994999,2025-09-16T01:00:02+00:00,0e7a0b56f910ad119f80a3ff0fcc5d8e,d04b8b76272117a0222f5633100cd57f028496c6e9c513335cdefaf75bccdf4c
DOC-00111,DHF,DHF -梳理版/09-设计输出/设计输出清单二/37ed31b4835c1e57463e2ca2628ef51.jpg,09-设计输出/设计输出清单二/37ed31b4835c1e57463e2ca2628ef51.jpg,37ed31b4835c1e57463e2ca2628ef51.jpg,37ed31b4835c1e57463e2ca2628ef51,jpg,332323,2025-09-16T01:00:00+00:00,f5a5e8b9aecf02d71c1e0f874389ac2c,cc4b9567a84559693be231df0e074a47db92987b96612e01987cf3b9605ba6e2
DOC-00112,DHF,DHF -梳理版/09-设计输出/设计输出清单二/37ed31b4835c1e57463e2ca2628ef51.xlsx,09-设计输出/设计输出清单二/37ed31b4835c1e57463e2ca2628ef51.xlsx,37ed31b4835c1e57463e2ca2628ef51.xlsx,37ed31b4835c1e57463e2ca2628ef51,xlsx,63012,2025-09-16T01:00:00+00:00,9e5f9552fe14a580d38008c3e2fe0019,648e9d081ebf91bcd5bbece23f555976d490cc127a1b085a84ff988e0515f8a3
DOC-00113,DHF,DHF -梳理版/09-设计输出/设计输出清单二/PT9L包装BOM.xlsx,09-设计输出/设计输出清单二/PT9L包装BOM.xlsx,PT9L包装BOM.xlsx,PT9L包装BOM,xlsx,61249,2025-09-16T00:59:56+00:00,6f0a6389d711cb681aa8b92e8a38308d,61f4814e98c6d3d334055b2a1e1d2f38a11c9f45da2b263891b29ac59a3b2869
DOC-00114,DHF,DHF -梳理版/09-设计输出/设计输出清单二/包装/AI/K040100014357620814-图纸-PT9L-F01+V1.0.ai,09-设计输出/设计输出清单二/包装/AI/K040100014357620814-图纸-PT9L-F01+V1.0.ai,K040100014357620814-图纸-PT9L-F01+V1.0.ai,K040100014357620814-图纸-PT9L-F01+V1.0,ai,1015052,2025-09-16T00:59:48+00:00,3a1cacecfab31cef710b8c56daa30ae4,225b593e73887bb208730eb7ef82a78d4b50f6b6afabd0ca15932823bdcee480
DOC-00115,DHF,DHF -梳理版/09-设计输出/设计输出清单二/包装/AI/K040200021397620814-图纸-PT9L-CBZP01+V2.0.ai,09-设计输出/设计输出清单二/包装/AI/K040200021397620814-图纸-PT9L-CBZP01+V2.0.ai,K040200021397620814-图纸-PT9L-CBZP01+V2.0.ai,K040200021397620814-图纸-PT9L-CBZP01+V2.0,ai,17627434,2025-09-16T00:59:48+00:00,60755b6d4f0ef110e683c8781c21e44c,c4914811988ad2de69df2e921ecf890600fb7805dc6687efa1810ced25b00a67
DOC-00116,DHF,DHF -梳理版/09-设计输出/设计输出清单二/包装/AI/K040200021397620814-图纸-PT9L-CBZP01+V2.0.pdf,09-设计输出/设计输出清单二/包装/AI/K040200021397620814-图纸-PT9L-CBZP01+V2.0.pdf,K040200021397620814-图纸-PT9L-CBZP01+V2.0.pdf,K040200021397620814-图纸-PT9L-CBZP01+V2.0,pdf,17626868,2025-09-16T00:59:48+00:00,23b84eb52e512a5892638b398394984b,be8e3c71a035ba7c126a70addc6b7aac0a1cac5f37cd9698bc3b034101b536fb
DOC-00117,DHF,DHF -梳理版/09-设计输出/设计输出清单二/包装/AI/K040500002717620814-图纸-PT9L-F04+V1.0.ai,09-设计输出/设计输出清单二/包装/AI/K040500002717620814-图纸-PT9L-F04+V1.0.ai,K040500002717620814-图纸-PT9L-F04+V1.0.ai,K040500002717620814-图纸-PT9L-F04+V1.0,ai,549311,2025-09-16T00:59:50+00:00,1f71cc360f9020cbe307f403f8642713,2c2df1d3bc5a3117ec9e7846b63ca8bb767c47eadea6cfbb4cf8b90d41a063b6
DOC-00118,DHF,DHF -梳理版/09-设计输出/设计输出清单二/包装/AI/K040700022027620814-图纸-PT9L-SMSP01+V1.0 (1).ai,09-设计输出/设计输出清单二/包装/AI/K040700022027620814-图纸-PT9L-SMSP01+V1.0 (1).ai,K040700022027620814-图纸-PT9L-SMSP01+V1.0 (1).ai,K040700022027620814-图纸-PT9L-SMSP01+V1.0 (1),ai,10086960,2025-09-16T00:59:50+00:00,d2fdc19440b63dbe78fe6a3430fb89ad,54f2dd215c51f6b5c38d3f2aa26a26ffbe215394735bb784f1bd70f8cceb5d47
DOC-00119,DHF,DHF -梳理版/09-设计输出/设计输出清单二/包装/AI/K040700022027620814-图纸-PT9L-SMSP01+V1.0.ai,09-设计输出/设计输出清单二/包装/AI/K040700022027620814-图纸-PT9L-SMSP01+V1.0.ai,K040700022027620814-图纸-PT9L-SMSP01+V1.0.ai,K040700022027620814-图纸-PT9L-SMSP01+V1.0,ai,10086960,2025-09-16T00:59:50+00:00,d2fdc19440b63dbe78fe6a3430fb89ad,54f2dd215c51f6b5c38d3f2aa26a26ffbe215394735bb784f1bd70f8cceb5d47
DOC-00120,DHF,DHF -梳理版/09-设计输出/设计输出清单二/包装/AI/K040800021467620814-图纸-PT1-F05+V1.0.ai,09-设计输出/设计输出清单二/包装/AI/K040800021467620814-图纸-PT1-F05+V1.0.ai,K040800021467620814-图纸-PT1-F05+V1.0.ai,K040800021467620814-图纸-PT1-F05+V1.0,ai,1295905,2025-09-16T00:59:50+00:00,81bc186d6e1714cb64577b4495b96eac,d100020ec63a2cbf5fef14566bc917aceb8b14c18f8efb49d7b6717fb517ec9a
DOC-00121,DHF,DHF -梳理版/09-设计输出/设计输出清单二/包装/AI/K040800021487620814-图纸-PT1-F07+V1.0.ai,09-设计输出/设计输出清单二/包装/AI/K040800021487620814-图纸-PT1-F07+V1.0.ai,K040800021487620814-图纸-PT1-F07+V1.0.ai,K040800021487620814-图纸-PT1-F07+V1.0,ai,510987,2025-09-16T00:59:50+00:00,442a2254fdf4aac6303816afc92e1bba,73b240cca7834a979ed3049253f8ff929242f53ff860ce40d99c58b26d43a122
DOC-00122,DHF,DHF -梳理版/09-设计输出/设计输出清单二/包装/AI/K040800025021030093-图纸-PT9L-F02+V1.0.ai,09-设计输出/设计输出清单二/包装/AI/K040800025021030093-图纸-PT9L-F02+V1.0.ai,K040800025021030093-图纸-PT9L-F02+V1.0.ai,K040800025021030093-图纸-PT9L-F02+V1.0,ai,966572,2025-09-16T00:59:50+00:00,261bee3541621d25cbe26b591dcd9d90,73f90a60abf2f484a5d5ee558bb20b9a2c32c3a8ff91caeb3bc6b49382d2e654
DOC-00123,DHF,DHF -梳理版/09-设计输出/设计输出清单二/包装/AI/K040800025031030093-图纸-PT9L-F03+V1.0.ai,09-设计输出/设计输出清单二/包装/AI/K040800025031030093-图纸-PT9L-F03+V1.0.ai,K040800025031030093-图纸-PT9L-F03+V1.0.ai,K040800025031030093-图纸-PT9L-F03+V1.0,ai,601306,2025-09-16T00:59:50+00:00,6aa32d8729f17b56c983e3073ec56cb4,a348ad1ecb351d0faeee6a015432e5a2183bf4520a67782af37d7bac43dab255
DOC-00124,DHF,DHF -梳理版/09-设计输出/设计输出清单二/包装/K040100014357620814-图纸-PT9L-F01+V1.0.pdf,09-设计输出/设计输出清单二/包装/K040100014357620814-图纸-PT9L-F01+V1.0.pdf,K040100014357620814-图纸-PT9L-F01+V1.0.pdf,K040100014357620814-图纸-PT9L-F01+V1.0,pdf,1024847,2025-09-16T00:59:52+00:00,4948163bffb2f194ab7af8bd2d612ffc,c7c9b2e5bbc4c4b8409af09175095177fe02713ffb186f0e89c3aceae9f86038
DOC-00125,DHF,DHF -梳理版/09-设计输出/设计输出清单二/包装/K040200021397620814-图纸-PT9L-CBZP01+V1.0.pdf,09-设计输出/设计输出清单二/包装/K040200021397620814-图纸-PT9L-CBZP01+V1.0.pdf,K040200021397620814-图纸-PT9L-CBZP01+V1.0.pdf,K040200021397620814-图纸-PT9L-CBZP01+V1.0,pdf,17530018,2025-09-16T00:59:50+00:00,d99896fa786c16f9b6f243aaff5f1b70,2b9a01bef25a625b73a655f1397591f68d307e4db1f259b275fc4acea5c2eddc
DOC-00126,DHF,DHF -梳理版/09-设计输出/设计输出清单二/包装/K040200021397620814-图纸-PT9L-CBZP01+V2.0.pdf,09-设计输出/设计输出清单二/包装/K040200021397620814-图纸-PT9L-CBZP01+V2.0.pdf,K040200021397620814-图纸-PT9L-CBZP01+V2.0.pdf,K040200021397620814-图纸-PT9L-CBZP01+V2.0,pdf,17628874,2025-09-16T00:59:52+00:00,57605de0f88e3ae5fcff553ddaa9f439,c2fea09273ea7585563aa6bb91d21ebbacf97c34c1d1a903e6b49cced9991079
DOC-00127,DHF,DHF -梳理版/09-设计输出/设计输出清单二/包装/K040500002717620814-图纸-PT9L-F04+V1.0.pdf,09-设计输出/设计输出清单二/包装/K040500002717620814-图纸-PT9L-F04+V1.0.pdf,K040500002717620814-图纸-PT9L-F04+V1.0.pdf,K040500002717620814-图纸-PT9L-F04+V1.0,pdf,551363,2025-09-16T00:59:52+00:00,defaa10ddfc85621e7110c691112e521,1665353301b218bbef54c7d86e9b2e7058b4444a2614a860f54f9ec0953d3543
DOC-00128,DHF,DHF -梳理版/09-设计输出/设计输出清单二/包装/K040700022027620814-图纸-PT9L-SMSP01+V1.0.pdf,09-设计输出/设计输出清单二/包装/K040700022027620814-图纸-PT9L-SMSP01+V1.0.pdf,K040700022027620814-图纸-PT9L-SMSP01+V1.0.pdf,K040700022027620814-图纸-PT9L-SMSP01+V1.0,pdf,10181785,2025-09-16T00:59:52+00:00,aaf8a403edcf81962b30ceace01a8e48,93e18eeabcaf24498f40e2fb1b90ee8b517ccecc7ad1178d7e577920beab6883
DOC-00129,DHF,DHF -梳理版/09-设计输出/设计输出清单二/包装/K040800021467620814-图纸-PT1-F05+V1.0.pdf,09-设计输出/设计输出清单二/包装/K040800021467620814-图纸-PT1-F05+V1.0.pdf,K040800021467620814-图纸-PT1-F05+V1.0.pdf,K040800021467620814-图纸-PT1-F05+V1.0,pdf,886074,2025-09-16T00:59:54+00:00,49e910711a60fad42ae4f502dd7ff1c1,0b039084a4ac4e47095504ae9dbad1dc24019e849712d23c5a5cc7820769427b
DOC-00130,DHF,DHF -梳理版/09-设计输出/设计输出清单二/包装/K040800021487620814-图纸-PT1-F07+V1.0(1).pdf,09-设计输出/设计输出清单二/包装/K040800021487620814-图纸-PT1-F07+V1.0(1).pdf,K040800021487620814-图纸-PT1-F07+V1.0(1).pdf,K040800021487620814-图纸-PT1-F07+V1.0(1),pdf,501672,2025-09-16T00:59:54+00:00,7ce7f4430438a0c6e636a352a7dded83,3b883e142cc9337b31640c5b382bbaaac29912508d06dac4f920e9642735fb9a
DOC-00131,DHF,DHF -梳理版/09-设计输出/设计输出清单二/包装/K040800021487620814-图纸-PT1-F07+V1.0.pdf,09-设计输出/设计输出清单二/包装/K040800021487620814-图纸-PT1-F07+V1.0.pdf,K040800021487620814-图纸-PT1-F07+V1.0.pdf,K040800021487620814-图纸-PT1-F07+V1.0,pdf,501672,2025-09-16T00:59:54+00:00,7ce7f4430438a0c6e636a352a7dded83,3b883e142cc9337b31640c5b382bbaaac29912508d06dac4f920e9642735fb9a
DOC-00132,DHF,DHF -梳理版/09-设计输出/设计输出清单二/包装/K040800025021030093-图纸-PT9L-F02+V1.0(1).pdf,09-设计输出/设计输出清单二/包装/K040800025021030093-图纸-PT9L-F02+V1.0(1).pdf,K040800025021030093-图纸-PT9L-F02+V1.0(1).pdf,K040800025021030093-图纸-PT9L-F02+V1.0(1),pdf,972524,2025-09-16T00:59:54+00:00,48ccea134cf05cf91a8ad6f822bc2238,2f90e941ef83714afa50adccc60fbdb633f1a0be10a2a9f29bb2733f28c6c2cc
DOC-00133,DHF,DHF -梳理版/09-设计输出/设计输出清单二/包装/K040800025021030093-图纸-PT9L-F02+V1.0.pdf,09-设计输出/设计输出清单二/包装/K040800025021030093-图纸-PT9L-F02+V1.0.pdf,K040800025021030093-图纸-PT9L-F02+V1.0.pdf,K040800025021030093-图纸-PT9L-F02+V1.0,pdf,972524,2025-09-16T00:59:54+00:00,48ccea134cf05cf91a8ad6f822bc2238,2f90e941ef83714afa50adccc60fbdb633f1a0be10a2a9f29bb2733f28c6c2cc
DOC-00134,DHF,DHF -梳理版/09-设计输出/设计输出清单二/包装/K040800025031030093-图纸-PT9L-F03+V1.0(1).pdf,09-设计输出/设计输出清单二/包装/K040800025031030093-图纸-PT9L-F03+V1.0(1).pdf,K040800025031030093-图纸-PT9L-F03+V1.0(1).pdf,K040800025031030093-图纸-PT9L-F03+V1.0(1),pdf,607967,2025-09-16T00:59:54+00:00,df8e8cbfd77efbd975cca0de99bad512,b5b342669ecfdb6c5af438513968a917c6bdd02147f8c21ec55ced609195d870
DOC-00135,DHF,DHF -梳理版/09-设计输出/设计输出清单二/包装/K040800025031030093-图纸-PT9L-F03+V1.0.pdf,09-设计输出/设计输出清单二/包装/K040800025031030093-图纸-PT9L-F03+V1.0.pdf,K040800025031030093-图纸-PT9L-F03+V1.0.pdf,K040800025031030093-图纸-PT9L-F03+V1.0,pdf,607967,2025-09-16T00:59:54+00:00,df8e8cbfd77efbd975cca0de99bad512,b5b342669ecfdb6c5af438513968a917c6bdd02147f8c21ec55ced609195d870
DOC-00136,DHF,DHF -梳理版/09-设计输出/设计输出清单二/包装/KF-931D-F01.png,09-设计输出/设计输出清单二/包装/KF-931D-F01.png,KF-931D-F01.png,KF-931D-F01,png,433583,2025-09-16T00:59:54+00:00,1778adb46a052d58923f484975df59f9,127c04e477800c66e0c73085f5d7e256925518e238186a2b48de3201961aa5ec
DOC-00137,DHF,DHF -梳理版/09-设计输出/设计输出清单二/包装/T040800073941030093-PT3-F21.pdf,09-设计输出/设计输出清单二/包装/T040800073941030093-PT3-F21.pdf,T040800073941030093-PT3-F21.pdf,T040800073941030093-PT3-F21,pdf,258648,2025-09-16T00:59:52+00:00,e52df022aadcaf95b0f7d343b7b93bc8,46f580993951e2ee73309d487d0300099506808bd38db3a58f6ae4e9cc47b75e
DOC-00138,DHF,DHF -梳理版/09-设计输出/设计输出清单二/包装/外箱条码标签-PT1-F07 V1.0.pdf,09-设计输出/设计输出清单二/包装/外箱条码标签-PT1-F07 V1.0.pdf,外箱条码标签-PT1-F07 V1.0.pdf,外箱条码标签-PT1-F07 V1.0,pdf,495813,2025-09-16T00:59:52+00:00,3cff671fbe234d17d739c9399fa82e33,031ff4bc1a61d3a848c60aa3237693f58ed0a4bc1028ceecca3da67eef5a90a0
DOC-00139,DHF,DHF -梳理版/09-设计输出/设计输出清单二/图纸/75CEE0-Model.pdf,09-设计输出/设计输出清单二/图纸/75CEE0-Model.pdf,75CEE0-Model.pdf,75CEE0-Model,pdf,37391,2025-09-16T00:59:56+00:00,94d19fa22d721b83552db1980dcf7906,8ceb742941fb7dc2e4cd7053a7ea15ac4cab862010c56d716b11caa8c55bbc56
DOC-00140,DHF,DHF -梳理版/09-设计输出/设计输出清单二/图纸/FDIR-V14_散热器压块_REV01_0714.pdf,09-设计输出/设计输出清单二/图纸/FDIR-V14_散热器压块_REV01_0714.pdf,FDIR-V14_散热器压块_REV01_0714.pdf,FDIR-V14_散热器压块_REV01_0714,pdf,123343,2025-09-16T00:59:56+00:00,59ec16b26d7406a8bc6055564fbbac8e,46bd5d8eebebcd1dddd881797d6b9f7d6730ebd9e7c3a47c405a1c6df497c65b
DOC-00141,DHF,DHF -梳理版/09-设计输出/设计输出清单二/图纸/PT3_双联弹簧_REV01.pdf,09-设计输出/设计输出清单二/图纸/PT3_双联弹簧_REV01.pdf,PT3_双联弹簧_REV01.pdf,PT3_双联弹簧_REV01,pdf,240469,2025-09-16T00:59:56+00:00,a691c05cabf54d9360f8d13cc91f3968,7a811e74267282d05a8bd7e86a467741413c2f9a451984acefa065ada109c33c
DOC-00142,DHF,DHF -梳理版/09-设计输出/设计输出清单二/图纸/PT9L-外观图-v1.0-20240627.pdf,09-设计输出/设计输出清单二/图纸/PT9L-外观图-v1.0-20240627.pdf,PT9L-外观图-v1.0-20240627.pdf,PT9L-外观图-v1.0-20240627,pdf,279033,2025-09-16T00:59:56+00:00,b1b57ad072f1e54087641388fb2da74f,9c4b2ee079f5b0f134d4cfc360b56c0f08ac76b89203dcdeee97f2248c76b158
DOC-00143,DHF,DHF -梳理版/09-设计输出/设计输出清单二/图纸/PT9L-总装图-v1.0-20240627.pdf,09-设计输出/设计输出清单二/图纸/PT9L-总装图-v1.0-20240627.pdf,PT9L-总装图-v1.0-20240627.pdf,PT9L-总装图-v1.0-20240627,pdf,361860,2025-09-16T00:59:56+00:00,d220563bf13898ad6cfcd19df329cc1e,ab2e95da964af65f70c535e6759ef7df5f12757cae7fd518e915dca1c32994d1
DOC-00144,DHF,DHF -梳理版/09-设计输出/设计输出清单二/图纸/PT9L-斑马条-v2.0-20240524.pdf,09-设计输出/设计输出清单二/图纸/PT9L-斑马条-v2.0-20240524.pdf,PT9L-斑马条-v2.0-20240524.pdf,PT9L-斑马条-v2.0-20240524,pdf,136687,2025-09-16T00:59:56+00:00,a69c1769cf4bdec56283ea9a1484e31d,211745094d687ef3a15a3b464911ea13234d224078fab63d0b28ea393f239e1d
DOC-00145,DHF,DHF -梳理版/09-设计输出/设计输出清单二/图纸/PT9L-液晶-20240627.pdf,09-设计输出/设计输出清单二/图纸/PT9L-液晶-20240627.pdf,PT9L-液晶-20240627.pdf,PT9L-液晶-20240627,pdf,126190,2025-09-16T00:59:56+00:00,10e3552c4c3f4562b3a3ef6dd8f99022,8717461a49332d8d6d64ba9a66f1c45ebcf701c2adfff655e829704f52b2d25f
DOC-00146,DHF,DHF -梳理版/09-设计输出/设计输出清单二/图纸/PT9L.dwg,09-设计输出/设计输出清单二/图纸/PT9L.dwg,PT9L.dwg,PT9L,dwg,34992812,2025-09-16T00:59:56+00:00,ede3d109607f9c08d6eaf4b5982221d7,833b01b403260dc803a7252add85631a616fd12e4e9d8999b3dbc2871082a0b1
DOC-00147,DHF,DHF -梳理版/09-设计输出/设计输出清单二/图纸/T-Z1-上盖-v3.0-20240627.pdf,09-设计输出/设计输出清单二/图纸/T-Z1-上盖-v3.0-20240627.pdf,T-Z1-上盖-v3.0-20240627.pdf,T-Z1-上盖-v3.0-20240627,pdf,424687,2025-09-16T00:59:54+00:00,7f1c2d921e60006da9a2e0da8d036912,e885a9155afce3cbd2d413ca1ea5dc2e1aec8ce142ce0b5548fcc4c386aaf709
DOC-00148,DHF,DHF -梳理版/09-设计输出/设计输出清单二/图纸/T-Z1-下盖-v2.0-20240627.pdf,09-设计输出/设计输出清单二/图纸/T-Z1-下盖-v2.0-20240627.pdf,T-Z1-下盖-v2.0-20240627.pdf,T-Z1-下盖-v2.0-20240627,pdf,495079,2025-09-16T00:59:54+00:00,f02175c1c82c1628fa6ba2a0b869e3a2,98e8f97719a94810f0aa61514ac6a37c2e9ec5fa2cfb3c9257fb06a7d156bf8e
DOC-00149,DHF,DHF -梳理版/09-设计输出/设计输出清单二/图纸/T-Z1-按键-v3.0-20240627.pdf,09-设计输出/设计输出清单二/图纸/T-Z1-按键-v3.0-20240627.pdf,T-Z1-按键-v3.0-20240627.pdf,T-Z1-按键-v3.0-20240627,pdf,292927,2025-09-16T00:59:54+00:00,151a61af395aad3fe1722463a6b3b85b,eef252a470bb50062d0176ad7234eb0465bc96804615210fc90a3c24042fe0b6
DOC-00150,DHF,DHF -梳理版/09-设计输出/设计输出清单二/图纸/保护盖.pdf,09-设计输出/设计输出清单二/图纸/保护盖.pdf,保护盖.pdf,保护盖,pdf,373619,2025-09-16T00:59:54+00:00,26f90df1b72ef314abf423e671c1f284,e8425f22a44316867f5950321a2067e2f3833676b6d5d66b0b1a852cb72fdedc
DOC-00151,DHF,DHF -梳理版/09-设计输出/设计输出清单二/图纸/导光板.pdf,09-设计输出/设计输出清单二/图纸/导光板.pdf,导光板.pdf,导光板,pdf,211394,2025-09-16T00:59:54+00:00,997110dfa10caff87dc0696b2851f5a6,92dd6f89d3b2dd2db16bf91999b0d6750bf6cc90e5bbc8bea4da2c94687a3908
DOC-00152,DHF,DHF -梳理版/09-设计输出/设计输出清单二/图纸/开关帽.pdf,09-设计输出/设计输出清单二/图纸/开关帽.pdf,开关帽.pdf,开关帽,pdf,372411,2025-09-16T00:59:54+00:00,a8b90130cb196e34f39221274d751322,7529a3f382c9a182cc27f7336e0ab2184adaa60a0524020be0e7523e7be0aff3
DOC-00153,DHF,DHF -梳理版/09-设计输出/设计输出清单二/图纸/探头20210727.pdf,09-设计输出/设计输出清单二/图纸/探头20210727.pdf,探头20210727.pdf,探头20210727,pdf,394893,2025-09-16T00:59:54+00:00,474599e3addac67d6021a0b2463aa711,6fe7df825e65d311a807177e010b019a10b20f5b57c6467915f3d04855aaddab
DOC-00154,DHF,DHF -梳理版/09-设计输出/设计输出清单二/图纸/支撑垫.pdf,09-设计输出/设计输出清单二/图纸/支撑垫.pdf,支撑垫.pdf,支撑垫,pdf,301941,2025-09-16T00:59:54+00:00,b70151db310aaaeac9dc0da84dacb8b7,95aba296b02651ecb4bd54e1742549e850dff4465c165fc364cad196d0aa74fd
DOC-00155,DHF,DHF -梳理版/09-设计输出/设计输出清单二/图纸/支架.pdf,09-设计输出/设计输出清单二/图纸/支架.pdf,支架.pdf,支架,pdf,406396,2025-09-16T00:59:54+00:00,6a98ec313b12d82e1ca4775c12e62447,640c6b60180dc2723dab1795c6a6e153463415da795faa6dcaab9064f1c1f698
DOC-00156,DHF,DHF -梳理版/09-设计输出/设计输出清单二/图纸/正极弹簧PT5-M02.pdf,09-设计输出/设计输出清单二/图纸/正极弹簧PT5-M02.pdf,正极弹簧PT5-M02.pdf,正极弹簧PT5-M02,pdf,227094,2025-09-16T00:59:54+00:00,135ca6bfec16d9fe793e6bd9af45f1b1,67ec4772eb20cb19d5927ac54bbc65c218c89f510196d74efe831ee5af803edb
DOC-00157,DHF,DHF -梳理版/09-设计输出/设计输出清单二/图纸/电池盖.pdf,09-设计输出/设计输出清单二/图纸/电池盖.pdf,电池盖.pdf,电池盖,pdf,402241,2025-09-16T00:59:54+00:00,0027bdc02aeac16a6486b338c79ff671,bfd1ab54c76399f101a48c9af4cbbe679c44a7827ee9e6149886e409c1643525
DOC-00158,DHF,DHF -梳理版/09-设计输出/设计输出清单二/图纸/负极弹簧PT5-M03.pdf,09-设计输出/设计输出清单二/图纸/负极弹簧PT5-M03.pdf,负极弹簧PT5-M03.pdf,负极弹簧PT5-M03,pdf,256905,2025-09-16T00:59:54+00:00,ca3b30b554935fec75ae007e06acef4c,ba949cb6e89eebf6e5ca5bb1045cede16ea1af5be2a57e4d1a1aba4ba9069d8c
DOC-00159,DHF,DHF -梳理版/09-设计输出/设计输出清单二/图纸/透镜.pdf,09-设计输出/设计输出清单二/图纸/透镜.pdf,透镜.pdf,透镜,pdf,275703,2025-09-16T00:59:54+00:00,eb261c359853fa0f8d98cd66c94c1795,0873fb8af40962ab1f80c6f1cfd869307306fcab2a9e0a4802efb63dcf8e6c32
DOC-00160,DHF,DHF -梳理版/09-设计输出/设计输出清单二/工艺说明-PT9L.xls,09-设计输出/设计输出清单二/工艺说明-PT9L.xls,工艺说明-PT9L.xls,工艺说明-PT9L,xls,1839104,2025-09-16T00:59:58+00:00,c5187da7f8ae966cc498c30d2c3cc5a0,e01c9da639e8f45fc9c33f587b3f9bf4e1b1920738cd43bb2af4744ffb294abe
DOC-00161,DHF,DHF -梳理版/09-设计输出/设计输出清单二/总装类组件清单PT9L-ABOM01 V1.0.xls,09-设计输出/设计输出清单二/总装类组件清单PT9L-ABOM01 V1.0.xls,总装类组件清单PT9L-ABOM01 V1.0.xls,总装类组件清单PT9L-ABOM01 V1.0,xls,80384,2025-09-16T00:59:58+00:00,453547b9e5d8368f6ba5c34fcd1e8601,2bf805ba2d61233e35d2d4f00f6d6d6c1e8f3a5a716f937937d64e34991df2b7
DOC-00162,DHF,DHF -梳理版/09-设计输出/设计输出清单二/早期图纸.zip,09-设计输出/设计输出清单二/早期图纸.zip,早期图纸.zip,早期图纸,zip,3108811,2025-09-16T00:59:58+00:00,19e65461c11c38c6791433de76fdf2f4,f21ef53ab59bce304349e584cb531a59c7b9db110f57761b8e759defde5a2a8f
DOC-00163,DHF,DHF -梳理版/09-设计输出/设计输出清单二/早期图纸/上盖20210727.pdf,09-设计输出/设计输出清单二/早期图纸/上盖20210727.pdf,上盖20210727.pdf,上盖20210727,pdf,346608,2025-09-16T00:59:46+00:00,767c9080c8dd9592bc459a901f4da849,d85062a58e32fd14cd07979cb8cafd09a405d10adab25ee2e641009d4ce9353f
DOC-00164,DHF,DHF -梳理版/09-设计输出/设计输出清单二/早期图纸/下盖-总-20211102.pdf,09-设计输出/设计输出清单二/早期图纸/下盖-总-20211102.pdf,下盖-总-20211102.pdf,下盖-总-20211102,pdf,363445,2025-09-16T00:59:46+00:00,834a6e9bcfbcfb1421d368ac866d8c10,822d36562d80e7193b5e9cc509b924a41d7c2b14932a88e303ffb05da14ae452
DOC-00165,DHF,DHF -梳理版/09-设计输出/设计输出清单二/早期图纸/下盖20210727.pdf,09-设计输出/设计输出清单二/早期图纸/下盖20210727.pdf,下盖20210727.pdf,下盖20210727,pdf,375974,2025-09-16T00:59:48+00:00,e9818cf98dd48486cf0d571a5b10516e,7fad71ee452032ab8767b3869dfed2ba766c9646fe852fdb67b4d1bcb343a715
DOC-00166,DHF,DHF -梳理版/09-设计输出/设计输出清单二/早期图纸/主板PCB 20211027.pdf,09-设计输出/设计输出清单二/早期图纸/主板PCB 20211027.pdf,主板PCB 20211027.pdf,主板PCB 20211027,pdf,90820,2025-09-16T00:59:48+00:00,f4a56223465e2f52e60c0d9473682c8a,e004033b8825d63006155140b1e0959dfb990eec148f048d6ed76513ac67b86f
DOC-00167,DHF,DHF -梳理版/09-设计输出/设计输出清单二/早期图纸/导光板20210727.pdf,09-设计输出/设计输出清单二/早期图纸/导光板20210727.pdf,导光板20210727.pdf,导光板20210727,pdf,118277,2025-09-16T00:59:46+00:00,1e404d3390c43b71df619c5117d5cefa,aa6d6aef1b74452a3dc1b03e5e118f0baab70d145d31998bb06e74cd6b1d84c0
DOC-00168,DHF,DHF -梳理版/09-设计输出/设计输出清单二/早期图纸/导光板20211027.pdf,09-设计输出/设计输出清单二/早期图纸/导光板20211027.pdf,导光板20211027.pdf,导光板20211027,pdf,119538,2025-09-16T00:59:46+00:00,51eb61bcec13e3548a76f5aaea818261,7f081d14fec5ef9a1f7dfee977854eab4f90676ad2bb35f9d3c07249b113670e
DOC-00169,DHF,DHF -梳理版/09-设计输出/设计输出清单二/早期图纸/开关帽20210727.pdf,09-设计输出/设计输出清单二/早期图纸/开关帽20210727.pdf,开关帽20210727.pdf,开关帽20210727,pdf,155630,2025-09-16T00:59:46+00:00,b28ec097f625186c5ef64b499252fd5d,0028d30153e8a611f4295b8d35a151d036c90d2955684ce591ca903f634edb75
DOC-00170,DHF,DHF -梳理版/09-设计输出/设计输出清单二/早期图纸/探头20210727.pdf,09-设计输出/设计输出清单二/早期图纸/探头20210727.pdf,探头20210727.pdf,探头20210727,pdf,237261,2025-09-16T00:59:46+00:00,6aea0d8beb77c3d5a8b5b64b52506e51,d82d6000b47e165f2b0d78961fcbe1a84a9d7a46094189608832211a5a147c97
DOC-00171,DHF,DHF -梳理版/09-设计输出/设计输出清单二/早期图纸/支撑垫20211102.pdf,09-设计输出/设计输出清单二/早期图纸/支撑垫20211102.pdf,支撑垫20211102.pdf,支撑垫20211102,pdf,128800,2025-09-16T00:59:46+00:00,c2443d3b6d84ec9657634697faacfc8f,89621a965c21211b623248d3faba1a509b6220202508e4e44ee3d1ec91078de3
DOC-00172,DHF,DHF -梳理版/09-设计输出/设计输出清单二/早期图纸/支撑垫20211104.pdf,09-设计输出/设计输出清单二/早期图纸/支撑垫20211104.pdf,支撑垫20211104.pdf,支撑垫20211104,pdf,131357,2025-09-16T00:59:46+00:00,b2e525af707429023e1213958d6bda89,bffce29ebe4fe3e30920c7b4c8f525803bc80d9158d62ec807c468a28d8d8d93
DOC-00173,DHF,DHF -梳理版/09-设计输出/设计输出清单二/早期图纸/支撑垫20220425.pdf,09-设计输出/设计输出清单二/早期图纸/支撑垫20220425.pdf,支撑垫20220425.pdf,支撑垫20220425,pdf,132547,2025-09-16T00:59:46+00:00,16493bea73b442dbbfae16178528b612,8016b89441e9aa13e78f0fdf48a74e71164f37cf215704b924e581d6be13cd4a
DOC-00174,DHF,DHF -梳理版/09-设计输出/设计输出清单二/早期图纸/支撑垫20220427.pdf,09-设计输出/设计输出清单二/早期图纸/支撑垫20220427.pdf,支撑垫20220427.pdf,支撑垫20220427,pdf,152214,2025-09-16T00:59:46+00:00,1e75ec18decc94e90f4bb8775a852b1c,41ac25855f0f67c166b93c8cb802757417f906cf20e7f1199f044a0db71d23aa
DOC-00175,DHF,DHF -梳理版/09-设计输出/设计输出清单二/早期图纸/支架20210727.pdf,09-设计输出/设计输出清单二/早期图纸/支架20210727.pdf,支架20210727.pdf,支架20210727,pdf,237202,2025-09-16T00:59:46+00:00,14d3e6d4c1b9019fac480bb89ee97b76,66baf078c93d554426ac510c7767e3d7ce3e01410c9ec7bbcb4408e39a1120fd
DOC-00176,DHF,DHF -梳理版/09-设计输出/设计输出清单二/早期图纸/液晶-打样-20210917.pdf,09-设计输出/设计输出清单二/早期图纸/液晶-打样-20210917.pdf,液晶-打样-20210917.pdf,液晶-打样-20210917,pdf,131909,2025-09-16T00:59:46+00:00,2610f3dd9d4f872c63379245b6454a46,74e2f40231d28402221d29ba40509fbcecabe6a0b9e3445cd3e66ad814a9acb9
DOC-00177,DHF,DHF -梳理版/09-设计输出/设计输出清单二/早期图纸/液晶20210727.pdf,09-设计输出/设计输出清单二/早期图纸/液晶20210727.pdf,液晶20210727.pdf,液晶20210727,pdf,129046,2025-09-16T00:59:46+00:00,e6a42b2935f08c7639bbd91ecffa8b2f,3ffc556a906e4e5a83c60ae6e676683fc38790a9c1b5ad3d093368018e277bdf
DOC-00178,DHF,DHF -梳理版/09-设计输出/设计输出清单二/早期图纸/电池盖20210727.pdf,09-设计输出/设计输出清单二/早期图纸/电池盖20210727.pdf,电池盖20210727.pdf,电池盖20210727,pdf,166217,2025-09-16T00:59:46+00:00,1b74de17f38593f47468b39db2510e52,f2d977b4b5456bc3d3312440d62328b5b112510157ad71909c88f82b0c5c5261
DOC-00179,DHF,DHF -梳理版/09-设计输出/设计输出清单二/早期图纸/透镜20210727.pdf,09-设计输出/设计输出清单二/早期图纸/透镜20210727.pdf,透镜20210727.pdf,透镜20210727,pdf,142342,2025-09-16T00:59:46+00:00,02712d23833a4261aa2e3a3eb0160736,d3539d6fdb31c78cdf19e032586607de9dd23187ad6292ee412f6e1f06611868
DOC-00180,DHF,DHF -梳理版/09-设计输出/设计输出清单二/装配说明V1.0-PT9L.xls,09-设计输出/设计输出清单二/装配说明V1.0-PT9L.xls,装配说明V1.0-PT9L.xls,装配说明V1.0-PT9L,xls,9653760,2025-09-16T00:59:58+00:00,041055a2d2070a923fee31c179cbf729,f63031c428402cb1301015c487d06467fcf6c36cb459db0941e8770509005a47
DOC-00181,DHF,DHF -梳理版/09-设计输出/设计输出清单二/设计输出清单二.zip,09-设计输出/设计输出清单二/设计输出清单二.zip,设计输出清单二.zip,设计输出清单二,zip,38994999,2025-09-16T00:59:58+00:00,0e7a0b56f910ad119f80a3ff0fcc5d8e,d04b8b76272117a0222f5633100cd57f028496c6e9c513335cdefaf75bccdf4c
DOC-00182,DHF,DHF -梳理版/09-设计输出/设计输出清单二/设计输出清单二/图纸/PT9L-外观图-v1.0-20240627.pdf,09-设计输出/设计输出清单二/设计输出清单二/图纸/PT9L-外观图-v1.0-20240627.pdf,PT9L-外观图-v1.0-20240627.pdf,PT9L-外观图-v1.0-20240627,pdf,279155,2025-09-16T00:59:42+00:00,6026e7d5bb5b396ab5eb87dc6e69cff7,5610b13d3d907b05ad6501c53d5d534f61b4197aebbb3734cda4c0461c6cc70d
DOC-00183,DHF,DHF -梳理版/09-设计输出/设计输出清单二/设计输出清单二/图纸/PT9L-总装图-v1.0-20240627.pdf,09-设计输出/设计输出清单二/设计输出清单二/图纸/PT9L-总装图-v1.0-20240627.pdf,PT9L-总装图-v1.0-20240627.pdf,PT9L-总装图-v1.0-20240627,pdf,361844,2025-09-16T00:59:42+00:00,e9ebb2523d71b5900911c78c30fc4912,086b5e38a0003aa78f431614ff80fb5ea3a4276305339357e2e367b974965f4a
DOC-00184,DHF,DHF -梳理版/09-设计输出/设计输出清单二/设计输出清单二/图纸/PT9L-斑马条-v2.0-20240524.pdf,09-设计输出/设计输出清单二/设计输出清单二/图纸/PT9L-斑马条-v2.0-20240524.pdf,PT9L-斑马条-v2.0-20240524.pdf,PT9L-斑马条-v2.0-20240524,pdf,136616,2025-09-16T00:59:42+00:00,3e6985402688d4e314b16653161d035f,78ee71eb91e4d646931916a31e04842774fad6f83af2e0b58681073ff4197783
DOC-00185,DHF,DHF -梳理版/09-设计输出/设计输出清单二/设计输出清单二/图纸/PT9L-液晶-20240627.pdf,09-设计输出/设计输出清单二/设计输出清单二/图纸/PT9L-液晶-20240627.pdf,PT9L-液晶-20240627.pdf,PT9L-液晶-20240627,pdf,126384,2025-09-16T00:59:42+00:00,d6cc7b4f007c7aa7fe5a9344e5db952b,c7232a34e76e9023f2e50c545665b4d702b24268afe4471a0842c58aa41c57ff
DOC-00186,DHF,DHF -梳理版/09-设计输出/设计输出清单二/设计输出清单二/图纸/PT9L.dwg,09-设计输出/设计输出清单二/设计输出清单二/图纸/PT9L.dwg,PT9L.dwg,PT9L,dwg,34992812,2025-09-16T00:59:42+00:00,ede3d109607f9c08d6eaf4b5982221d7,833b01b403260dc803a7252add85631a616fd12e4e9d8999b3dbc2871082a0b1
DOC-00187,DHF,DHF -梳理版/09-设计输出/设计输出清单二/设计输出清单二/图纸/T-Z1-上盖-v2.0-20241104.pdf,09-设计输出/设计输出清单二/设计输出清单二/图纸/T-Z1-上盖-v2.0-20241104.pdf,T-Z1-上盖-v2.0-20241104.pdf,T-Z1-上盖-v2.0-20241104,pdf,263136,2025-09-16T00:59:42+00:00,f52a6a7bf856fedd834d261191afe6a6,9e236bf90131e205e31015c40b7bd3e507938c54af7e006a0e8c9ef09e20f210
DOC-00188,DHF,DHF -梳理版/09-设计输出/设计输出清单二/设计输出清单二/图纸/T-Z1-上盖-v3.0-20240627.pdf,09-设计输出/设计输出清单二/设计输出清单二/图纸/T-Z1-上盖-v3.0-20240627.pdf,T-Z1-上盖-v3.0-20240627.pdf,T-Z1-上盖-v3.0-20240627,pdf,424870,2025-09-16T00:59:42+00:00,0f2c67d17a0b26b4c9f834c105ae52f7,d383b82ed9cd996232b67c05c25a14d29e5da60fb106b9f57566574b7bf69f81
DOC-00189,DHF,DHF -梳理版/09-设计输出/设计输出清单二/设计输出清单二/图纸/T-Z1-下盖-v1.0-20241104.pdf,09-设计输出/设计输出清单二/设计输出清单二/图纸/T-Z1-下盖-v1.0-20241104.pdf,T-Z1-下盖-v1.0-20241104.pdf,T-Z1-下盖-v1.0-20241104,pdf,297762,2025-09-16T00:59:42+00:00,fd430deb336b64fd1e129559a8a1e203,0f80c7f11b21078bc8e8ceaf21759ca7a2c45c7dc457a3648867d6fcb719ba4f
DOC-00190,DHF,DHF -梳理版/09-设计输出/设计输出清单二/设计输出清单二/图纸/T-Z1-下盖-v2.0-20240627.pdf,09-设计输出/设计输出清单二/设计输出清单二/图纸/T-Z1-下盖-v2.0-20240627.pdf,T-Z1-下盖-v2.0-20240627.pdf,T-Z1-下盖-v2.0-20240627,pdf,495279,2025-09-16T00:59:42+00:00,c0a7beddf473851c950dd66a24031d43,33466ef34799352183cd00fc9ddd3d76a38906414eb057a61a4cc15fae9508cc
DOC-00191,DHF,DHF -梳理版/09-设计输出/设计输出清单二/设计输出清单二/图纸/T-Z1-按键-v3.0-20240627.pdf,09-设计输出/设计输出清单二/设计输出清单二/图纸/T-Z1-按键-v3.0-20240627.pdf,T-Z1-按键-v3.0-20240627.pdf,T-Z1-按键-v3.0-20240627,pdf,293059,2025-09-16T00:59:42+00:00,14507dac226d1e582037b9a1832d81f8,e8080876febd0f608afad90f307d83da097627577cb7922c2667139530295d51
DOC-00192,DHF,DHF -梳理版/09-设计输出/设计输出清单二/设计输出清单二/图纸/T-Z1-探头盖-v1.0-20241104.pdf,09-设计输出/设计输出清单二/设计输出清单二/图纸/T-Z1-探头盖-v1.0-20241104.pdf,T-Z1-探头盖-v1.0-20241104.pdf,T-Z1-探头盖-v1.0-20241104,pdf,182360,2025-09-16T00:59:42+00:00,cee6d7a505021b33eed3162ed041338d,6229cda6d49299b50ac2249e431c9fe0bdb91932e8563d7c9ddc5b5110b45f49
DOC-00193,DHF,DHF -梳理版/09-设计输出/设计输出清单二/设计输出清单二/图纸/主板.pdf,09-设计输出/设计输出清单二/设计输出清单二/图纸/主板.pdf,主板.pdf,主板,pdf,142496,2025-09-16T00:59:42+00:00,f54d9aa37d11dda6588bce1cbd11388c,b66be7eec8f876056dc882f2c735bfb78ec93261396da4ab47ef8ca272c0777e
DOC-00194,DHF,DHF -梳理版/09-设计输出/设计输出清单二/设计输出清单二/图纸/传感器PCB.pdf,09-设计输出/设计输出清单二/设计输出清单二/图纸/传感器PCB.pdf,传感器PCB.pdf,传感器PCB,pdf,117493,2025-09-16T00:59:42+00:00,e7c13af2b867afc8ad29602c5b832682,fd0b6f27f934fc4d94f6153903cca45e96148e6b5e8ca0f86015b1dda1bbcc74
DOC-00195,DHF,DHF -梳理版/09-设计输出/设计输出清单二/设计输出清单二/图纸/保护盖.pdf,09-设计输出/设计输出清单二/设计输出清单二/图纸/保护盖.pdf,保护盖.pdf,保护盖,pdf,373757,2025-09-16T00:59:42+00:00,03043f7cdb4335cfbdd6d6041f36d151,747fbab22168ef6cbe6611133f560874d33c4d2c18750dfbd66c2ba9444d51ae
DOC-00196,DHF,DHF -梳理版/09-设计输出/设计输出清单二/设计输出清单二/图纸/导光板.pdf,09-设计输出/设计输出清单二/设计输出清单二/图纸/导光板.pdf,导光板.pdf,导光板,pdf,211339,2025-09-16T00:59:40+00:00,09519a368867dfcb6e3f04aa0a545a38,af92efe67429fd8d3ab363f84e7ee5d2d84e44dc6880229b612e1038477aadf3
DOC-00197,DHF,DHF -梳理版/09-设计输出/设计输出清单二/设计输出清单二/图纸/开关帽.pdf,09-设计输出/设计输出清单二/设计输出清单二/图纸/开关帽.pdf,开关帽.pdf,开关帽,pdf,372418,2025-09-16T00:59:40+00:00,b703d8e5b970d0bfed551f5400d7b216,dbec061194459dd98289896c12bdd3c3e9565b92db12c82fc0fe2feb2de05e28
DOC-00198,DHF,DHF -梳理版/09-设计输出/设计输出清单二/设计输出清单二/图纸/支撑垫.pdf,09-设计输出/设计输出清单二/设计输出清单二/图纸/支撑垫.pdf,支撑垫.pdf,支撑垫,pdf,301913,2025-09-16T00:59:42+00:00,27766a807131b3248255e36dfb362117,e96720580c3878d45df9c941fba3a5a6512a8c650c6e8bf33e3fbaea6b4da542
DOC-00199,DHF,DHF -梳理版/09-设计输出/设计输出清单二/设计输出清单二/图纸/支架.pdf,09-设计输出/设计输出清单二/设计输出清单二/图纸/支架.pdf,支架.pdf,支架,pdf,406533,2025-09-16T00:59:42+00:00,b3daa9f80fe6c98cb13bbd576505bc5a,c74681e9acd52f547f9b53bcd9985a04eac2136f8b94e832bb84575059afd78c
DOC-00200,DHF,DHF -梳理版/09-设计输出/设计输出清单二/设计输出清单二/图纸/电池盖.pdf,09-设计输出/设计输出清单二/设计输出清单二/图纸/电池盖.pdf,电池盖.pdf,电池盖,pdf,402247,2025-09-16T00:59:42+00:00,240a9d057a449ac53fd7c5fdd7d2c0be,f77c1df3a56f94c12a3c62063fdcd4db6f74064bc9f4b9adeafcedc0e13c0cf6
DOC-00201,DHF,DHF -梳理版/09-设计输出/设计输出清单二/设计输出清单二/图纸/透镜.pdf,09-设计输出/设计输出清单二/设计输出清单二/图纸/透镜.pdf,透镜.pdf,透镜,pdf,275644,2025-09-16T00:59:42+00:00,2c5108970e48397775cdc46f10548a16,f0df9ee871c861de51390f0a3cdd87c0acd8da8e8f3c31d470dfd8e92b876cc7
DOC-00202,DHF,DHF -梳理版/09-设计输出/设计输出清单二/设计输出清单二/工艺说明-PT9L.xls,09-设计输出/设计输出清单二/设计输出清单二/工艺说明-PT9L.xls,工艺说明-PT9L.xls,工艺说明-PT9L,xls,1839104,2025-09-16T00:59:44+00:00,c5187da7f8ae966cc498c30d2c3cc5a0,e01c9da639e8f45fc9c33f587b3f9bf4e1b1920738cd43bb2af4744ffb294abe
DOC-00203,DHF,DHF -梳理版/09-设计输出/设计输出清单二/设计输出清单二/装配说明V1.0-PT9L.xls,09-设计输出/设计输出清单二/设计输出清单二/装配说明V1.0-PT9L.xls,装配说明V1.0-PT9L.xls,装配说明V1.0-PT9L,xls,9242112,2025-09-16T00:59:44+00:00,069758f071a73b37339cde4c8a46adca,07d3f6b73c28d2d6c2fa5254713f61bf601587d4ad0a1759efd2646c948025d4
DOC-00204,DHF,DHF -梳理版/09-设计输出/设计输出清单二/设计输出清单二/设计输出清单二E0.xls,09-设计输出/设计输出清单二/设计输出清单二/设计输出清单二E0.xls,设计输出清单二E0.xls,设计输出清单二E0,xls,65024,2025-09-16T00:59:46+00:00,391cff0282564a95a112d9cbb0d5fc01,b3c00e37bb25e4016994e183874351b46973191a99af1171eac2e341d30fb213
DOC-00205,DHF,DHF -梳理版/09-设计输出/设计输出清单二/设计输出清单二E0.xls,09-设计输出/设计输出清单二/设计输出清单二E0.xls,设计输出清单二E0.xls,设计输出清单二E0,xls,58368,2025-09-16T00:59:58+00:00,9320c865368ed72fb1cda08b1d4d7c0e,3b6550a2207cf8eba3f38f8bfe9360e0cfb97f465213ae3698aa486bed744484
DOC-00206,DHF,DHF -梳理版/10-试产文件/试产总结报告.doc,10-试产文件/试产总结报告.doc,试产总结报告.doc,试产总结报告,doc,37376,2026-04-21T06:11:00+00:00,0776c28baabdcc310cf6baf471df344e,fd1fec0a34fd5dee294c70e409bc41e507f6402c85dfb1e1c07c1d250f769972
DOC-00207,DHF,DHF -梳理版/10-试产文件/试产申请单.doc,10-试产文件/试产申请单.doc,试产申请单.doc,试产申请单,doc,37888,2026-04-21T06:10:04+00:00,ea83f42e2cd5874e2cfb9d2b9da6e85f,524813a4a51369f5c8e1f2762b8eb8c9a42a9067a77bbd2a964821cb64e6feed
DOC-00208,DHF,DHF -梳理版/11-设计确认/01-用户测试/PT9L 用户测试记录.doc,11-设计确认/01-用户测试/PT9L 用户测试记录.doc,PT9L 用户测试记录.doc,PT9L 用户测试记录,doc,112646,2025-09-16T00:59:20+00:00,8245ec5623894c67a83f4f20f2bb318d,d184462652a0b81e30b6876ec92bdd571b7ebf91aa2fa6c173824820918c1250
DOC-00209,DHF,DHF -梳理版/11-设计确认/01-用户测试/PT9L 用户现场测试报告.doc,11-设计确认/01-用户测试/PT9L 用户现场测试报告.doc,PT9L 用户现场测试报告.doc,PT9L 用户现场测试报告,doc,171520,2025-09-16T00:59:20+00:00,f208c4a6151a4f2418016c33d19a272b,b3f9eb0b426234a47b6de3c4abdee11e22de8468f697d0044b85c3fbfe0110de
DOC-00210,DHF,DHF -梳理版/11-设计确认/01-用户测试/PT9L 用户现场测试计划.doc,11-设计确认/01-用户测试/PT9L 用户现场测试计划.doc,PT9L 用户现场测试计划.doc,PT9L 用户现场测试计划,doc,108544,2026-04-21T06:15:36+00:00,41f8095bdba904157c1b225dd825d0aa,1b25c4197e84a46e4283ff744a3ff6eeee01f18c0fd1dd0bc75fe1fe4c83c689
DOC-00211,DHF,DHF -梳理版/11-设计确认/02-Clinical study report.docx,11-设计确认/02-Clinical study report.docx,02-Clinical study report.docx,02-Clinical study report,docx,95193,2025-09-16T00:59:20+00:00,9ae427e107df4deedbdc19e3c9e2d68b,a0a0abbcab48ba5df5154191cca46110e1e5f91a3b47e77ea4cf3681c20c8f80
DOC-00212,DHF,DHF -梳理版/11-设计确认/03-软件确认报告.doc,11-设计确认/03-软件确认报告.doc,03-软件确认报告.doc,03-软件确认报告,doc,53248,2025-09-16T00:59:20+00:00,4c7f46c43d3cd1dae216f212d2e8a448,aace5b80ef9849a144ceb31f91cd2e526f61a5bbc72b32e16b7fb02866b98384
DOC-00213,DHF,DHF -梳理版/11-设计确认/04-PT9L Checklist of （ EN 60601-1-62010+A12015+A22021) PT2L（美亚）-UETR01 V1.0.doc,11-设计确认/04-PT9L Checklist of （ EN 60601-1-62010+A12015+A22021) PT2L（美亚）-UETR01 V1.0.doc,04-PT9L Checklist of （ EN 60601-1-62010+A12015+A22021) PT2L（美亚）-UETR01 V1.0.doc,04-PT9L Checklist of （ EN 60601-1-62010+A12015+A22021) PT2L（美亚）-UETR01 V1.0,doc,69120,2025-09-16T00:59:20+00:00,1b338d7cb0cc850df319573e1fbe4177,cf892791e7407606a3bda81a8828190988cfe5c60812b00bfc6bcdfacec042cd
DOC-00214,DHF,DHF -梳理版/11-设计确认/05-PT9L Checklist of IEC 62366-1 2021.doc,11-设计确认/05-PT9L Checklist of IEC 62366-1 2021.doc,05-PT9L Checklist of IEC 62366-1 2021.doc,05-PT9L Checklist of IEC 62366-1 2021,doc,350445,2025-09-16T00:59:20+00:00,de9d4c332ed0d30c61da98920e41d24c,ccb6355c019d4d3a62d4a62f49b716a05dc5ae7d8c9df144112316193b4aaa84
DOC-00215,DHF,DHF -梳理版/11-设计确认/06-PT9L usability engineering file.doc,11-设计确认/06-PT9L usability engineering file.doc,06-PT9L usability engineering file.doc,06-PT9L usability engineering file,doc,431601,2025-09-16T00:59:20+00:00,0bc0e9afbc0ad63837a4a6230530fe18,bef8b208959216e928968b5028327473ae93d4fcb26d7cc08e88e1500121ba30
DOC-00216,DHF,DHF -梳理版/11-设计确认/07-可追溯性分析报告.doc,11-设计确认/07-可追溯性分析报告.doc,07-可追溯性分析报告.doc,07-可追溯性分析报告,doc,47793,2025-09-16T00:59:20+00:00,0a3a6899148136e8db34de7adb38ec22,d1de9797edc19a17ceb561b0de189b950310dba25b81b56383278fec0709cbaf
DOC-00217,DHF,DHF -梳理版/11-设计确认/08-软件配置清单.xls,11-设计确认/08-软件配置清单.xls,08-软件配置清单.xls,08-软件配置清单,xls,24576,2026-04-21T06:29:30+00:00,3e6b1b08c64ddc14041c02453a9d7127,06a18df8b3a61a07fcc16f46cec8b1407c9a246464b420895fdb39f56ca9b5d5
DOC-00218,DHF,DHF -梳理版/11-设计确认/09-剩余风险评估和风险管理报告/PT9L--Attachment 7 03 Verification of risk control measure and residual risk evaluation report PT9L-FXYS01  V1.0.docx,11-设计确认/09-剩余风险评估和风险管理报告/PT9L--Attachment 7 03 Verification of risk control measure and residual risk evaluation report PT9L-FXYS01  V1.0.docx,PT9L--Attachment 7 03 Verification of risk control measure and residual risk evaluation report PT9L-FXYS01  V1.0.docx,PT9L--Attachment 7 03 Verification of risk control measure and residual risk evaluation report PT9L-FXYS01  V1.0,docx,75478,2026-04-21T06:33:20+00:00,76efd3ef081ae7385065b36bec360300,eaf76fafd009b4b72fd5dd0f2c49cf030a5e3e1de224b9aaa3106dc288ebe97e
DOC-00219,DHF,DHF -梳理版/11-设计确认/09-剩余风险评估和风险管理报告/PT9L--Attachment 7 04 Risk Management Report PT9L-FXGB01  V1.0.docx,11-设计确认/09-剩余风险评估和风险管理报告/PT9L--Attachment 7 04 Risk Management Report PT9L-FXGB01  V1.0.docx,PT9L--Attachment 7 04 Risk Management Report PT9L-FXGB01  V1.0.docx,PT9L--Attachment 7 04 Risk Management Report PT9L-FXGB01  V1.0,docx,46703,2026-04-21T06:32:24+00:00,26b5968c2e9df0dab80e8b6f87f14eed,d5abd35ae723b6bd85d2ed9c9765232f49f84c981c733df53ecfa3f4e17be7e3
DOC-00220,DHF,DHF -梳理版/11-设计确认/10-设计验证报告-设计确认阶段/设计验证报告-通用要求和法规部分.xls,11-设计确认/10-设计验证报告-设计确认阶段/设计验证报告-通用要求和法规部分.xls,设计验证报告-通用要求和法规部分.xls,设计验证报告-通用要求和法规部分,xls,103936,2026-04-21T05:42:48+00:00,488bfed702f11200c14ccd53392beb37,5dde6d9202588a5b938609adc20d96f8e07a8fa3ae30e8a11c22c979d8f9e7e0
DOC-00221,DHF,DHF -梳理版/11-设计确认/10-设计验证报告-设计确认阶段/设计验证报告封皮-设计确认阶段.doc,11-设计确认/10-设计验证报告-设计确认阶段/设计验证报告封皮-设计确认阶段.doc,设计验证报告封皮-设计确认阶段.doc,设计验证报告封皮-设计确认阶段,doc,69120,2026-04-21T06:37:06+00:00,0d7dd20ec291ee3a5dc2b252c57ea696,c18210bbb21474b28388ccc9aefdb3ae36a10db492c3c8e2a28fd665d7b5da68
DOC-00222,DHF,DHF -梳理版/11-设计确认/11-设计确认计划/设计确认计划.xlsx,11-设计确认/11-设计确认计划/设计确认计划.xlsx,设计确认计划.xlsx,设计确认计划,xlsx,21558,2026-04-21T06:50:50+00:00,bbf9bd9ed9a4a5738801c2a38273a839,b4ef11f2d5d00cd99c212ea1b14e65b3038fa661cf17dff2b1470bbced484181
DOC-00223,DHF,DHF -梳理版/11-设计确认/11-设计确认计划/设计确认计划封皮.doc,11-设计确认/11-设计确认计划/设计确认计划封皮.doc,设计确认计划封皮.doc,设计确认计划封皮,doc,70656,2026-04-21T06:48:24+00:00,a89514dc42979eec04ce61cf70060fa6,452cc3f2c3fd908968a716f7862f010be710dbe721092ccdf14d208ec0538859
DOC-00224,DHF,DHF -梳理版/11-设计确认/12-设计确认计划评审表E0.doc,11-设计确认/12-设计确认计划评审表E0.doc,12-设计确认计划评审表E0.doc,12-设计确认计划评审表E0,doc,102400,2026-04-21T06:41:34+00:00,ceddfd980584e903adc04955648e0bb7,b820d52311206534267415021abe9b8c223f9d7f98610d60c90904edc9c109af
DOC-00225,DHF,DHF -梳理版/11-设计确认/13-设计确认报告/设计确认报告E0.xls,11-设计确认/13-设计确认报告/设计确认报告E0.xls,设计确认报告E0.xls,设计确认报告E0,xls,26624,2026-04-21T06:50:26+00:00,fa97fed9a4654d7442e60da0891e3a78,e6f0a87bb78894af59f9b9b562445426fcfc7d0dea8f911e2d8ca2100c317bb0
DOC-00226,DHF,DHF -梳理版/11-设计确认/13-设计确认报告/设计确认报告封皮E0.doc,11-设计确认/13-设计确认报告/设计确认报告封皮E0.doc,设计确认报告封皮E0.doc,设计确认报告封皮E0,doc,55808,2025-09-16T00:59:20+00:00,95f918700c66e8d42fe08254068ac142,a69a8e6c01e050871aa4ed752ff5faf3d1111a72df70a4a0e5e9e360fdc95cea
DOC-00227,DHF,DHF -梳理版/11-设计确认/14-设计评审计划表-设计确认E0.doc,11-设计确认/14-设计评审计划表-设计确认E0.doc,14-设计评审计划表-设计确认E0.doc,14-设计评审计划表-设计确认E0,doc,25792,2025-09-16T00:59:20+00:00,16df32916bab0c109334a2a24f18bfc2,cddfce22cbaa051d58f39154762d910923069834a785e88486a3f6fd0f54c058
DOC-00228,DHF,DHF -梳理版/11-设计确认/15-设计确认评审记录.xlsx,11-设计确认/15-设计确认评审记录.xlsx,15-设计确认评审记录.xlsx,15-设计确认评审记录,xlsx,24105,2026-04-21T06:49:50+00:00,908c6cb3bcafac731f137d443668ce38,419b243c063a3fcaebb78ffe17ef05870cd2ab682de343881cf2833cbeb7a6c8
DOC-00229,DHF,DHF -梳理版/11-设计确认/16-实验报告/2024-08-15 TX202303-07-078-01 PT9L EMC  型式试验报告英文.pdf,11-设计确认/16-实验报告/2024-08-15 TX202303-07-078-01 PT9L EMC  型式试验报告英文.pdf,2024-08-15 TX202303-07-078-01 PT9L EMC  型式试验报告英文.pdf,2024-08-15 TX202303-07-078-01 PT9L EMC  型式试验报告英文,pdf,4468173,2025-09-16T00:59:00+00:00,655e74365c4c91bb53938dc04e46e57b,2578443affac9af816273aebb311cd08fe596c3c99c4b3def331c5fb971a8bb8
DOC-00230,DHF,DHF -梳理版/11-设计确认/16-实验报告/2025.02.12 ETX202303-07-078-02 PT9L 安规报告-正式.pdf,11-设计确认/16-实验报告/2025.02.12 ETX202303-07-078-02 PT9L 安规报告-正式.pdf,2025.02.12 ETX202303-07-078-02 PT9L 安规报告-正式.pdf,2025.02.12 ETX202303-07-078-02 PT9L 安规报告-正式,pdf,3611206,2025-09-16T00:59:00+00:00,487978b9aa37e1ac752ec2c702e2972f,ce1f1dd4e477ca9ab7cd5d2ef19fde122a7a3698036250835eb4e4d79dc95f3d
DOC-00231,DHF,DHF -梳理版/11-设计确认/16-实验报告/2025.02.12 ETX202303-07-078-03 PT9L -2-56 报告-正式.pdf,11-设计确认/16-实验报告/2025.02.12 ETX202303-07-078-03 PT9L -2-56 报告-正式.pdf,2025.02.12 ETX202303-07-078-03 PT9L -2-56 报告-正式.pdf,2025.02.12 ETX202303-07-078-03 PT9L -2-56 报告-正式,pdf,772245,2025-09-16T00:59:02+00:00,0f13ba11308d2830b6500197c90a49b8,9a03663937b911c51ddd85720c94d0afbcfa6bf2d96921a7f949e151fd7f822a
DOC-00232,DHF,DHF -梳理版/11-设计确认/16-实验报告/2025.02.12 ETX202303-07-078-04 PT9L 1965报告-正式.pdf,11-设计确认/16-实验报告/2025.02.12 ETX202303-07-078-04 PT9L 1965报告-正式.pdf,2025.02.12 ETX202303-07-078-04 PT9L 1965报告-正式.pdf,2025.02.12 ETX202303-07-078-04 PT9L 1965报告-正式,pdf,1141900,2025-09-16T00:59:02+00:00,38daed1ad24f1dbe9cf16dd9289ce5ce,9bb1ffbda0cfdf539552ff1dd1f890c621394ce4b03fd129fc32a8eb6b4910e6
DOC-00233,DHF,DHF -梳理版/11-设计确认/16-实验报告/2025.02.12 ETX202303-07-078-05 PT9L 老化报告-正式.pdf,11-设计确认/16-实验报告/2025.02.12 ETX202303-07-078-05 PT9L 老化报告-正式.pdf,2025.02.12 ETX202303-07-078-05 PT9L 老化报告-正式.pdf,2025.02.12 ETX202303-07-078-05 PT9L 老化报告-正式,pdf,1276256,2025-09-16T00:59:02+00:00,6f3efd2fe4b0b6bacefdf4ed9be68ed1,5c1f9d0481f067506cdb23d70f8254cffd859b329d126fd8ca8934b7fb5bf060
DOC-00234,DHF,DHF -梳理版/11-设计确认/16-实验报告/2025.05.29 ETX202303-07-078-03R1-PT9L-红外体温计-正式报告.pdf,11-设计确认/16-实验报告/2025.05.29 ETX202303-07-078-03R1-PT9L-红外体温计-正式报告.pdf,2025.05.29 ETX202303-07-078-03R1-PT9L-红外体温计-正式报告.pdf,2025.05.29 ETX202303-07-078-03R1-PT9L-红外体温计-正式报告,pdf,816710,2025-09-16T00:59:02+00:00,e7e5758299bf117c26a19b867c105313,8cea14ecb11cd1b48262627b4ee14036c1d7c8c920811500e4d7b2a2bdc4e4db
DOC-00235,DHF,DHF -梳理版/11-设计确认/16-实验报告/Analysis and Evaluation Report o...Touch Forehead Thermometer（PT9L） (1).docx,11-设计确认/16-实验报告/Analysis and Evaluation Report o...Touch Forehead Thermometer（PT9L） (1).docx,Analysis and Evaluation Report o...Touch Forehead Thermometer（PT9L） (1).docx,Analysis and Evaluation Report o...Touch Forehead Thermometer（PT9L） (1),docx,210071,2025-09-16T00:59:02+00:00,8d0a37ccb8bc6a68e2d69d83cc1b5d22,b40c269886858d366cae8556281f044c4f25b231c1b38befb8da84bfd10b51a3
DOC-00236,DHF,DHF -梳理版/11-设计确认/16-实验报告/Annex I--ETX202303-07-078-05 Test Report（PT9L） (2).pdf,11-设计确认/16-实验报告/Annex I--ETX202303-07-078-05 Test Report（PT9L） (2).pdf,Annex I--ETX202303-07-078-05 Test Report（PT9L） (2).pdf,Annex I--ETX202303-07-078-05 Test Report（PT9L） (2),pdf,1176734,2025-09-16T00:59:02+00:00,67ffdf72ed7dcb5ebd8e46daac32ef44,a53d0799d27152f25fb8ffa96f683f3a04ea8d96ccd03940b6e8e21588907d87
DOC-00237,DHF,DHF -梳理版/11-设计确认/16-实验报告/Annex II --Infrared No-Touch For...er performance test report（PT9L）.docx,11-设计确认/16-实验报告/Annex II --Infrared No-Touch For...er performance test report（PT9L）.docx,Annex II --Infrared No-Touch For...er performance test report（PT9L）.docx,Annex II --Infrared No-Touch For...er performance test report（PT9L）,docx,462808,2025-09-16T00:59:02+00:00,e628d8ace3f8e9f11d035dd8f45c066c,f27730f5191f83bd49971236094344b810403565c0540e849ee8c8af28f1f3db
DOC-00238,DHF,DHF -梳理版/12-上市批准书/上市批准书E1.doc,12-上市批准书/上市批准书E1.doc,上市批准书E1.doc,上市批准书E1,doc,27648,2025-09-16T00:58:38+00:00,188aad86673f20b259e5c2d286b466e8,e73634c7b1aaee9ad981c669cd2b1750d1404a7f7c608830bba8656a71d3959c
DOC-00239,DHF,DHF -梳理版/PT9L-DHF清单.xls,PT9L-DHF清单.xls,PT9L-DHF清单.xls,PT9L-DHF清单,xls,38400,2026-04-21T07:05:18+00:00,b54800e750d45f66beaa8f46a2732943,69ebd72a7291f534fc6574fd7f7b708b784630971526d4300b8b0fd4ed94e565
DOC-00240,DMR,DMR-全-20260421/PT9L 主记录明细.xlsx,PT9L 主记录明细.xlsx,PT9L 主记录明细.xlsx,PT9L 主记录明细,xlsx,32478,2026-04-21T08:40:00+00:00,a7499f2368603a3c8a00f8f0c3ea5962,d9451d2517530990c5cc32901ca13b076d8daa6e4d6765aa875dfe4693e7d438
DOC-00241,DMR,DMR-全-20260421/PT9L 操作作业指导书（标准）-插件探头1.0.xls,PT9L 操作作业指导书（标准）-插件探头1.0.xls,PT9L 操作作业指导书（标准）-插件探头1.0.xls,PT9L 操作作业指导书（标准）-插件探头1.0,xls,16765952,2026-04-21T08:27:02+00:00,51cc95f006955f6f686c01f0bfa5838e,86eb2537bbffbc9c8a376ce2e261c9fca30911c654d47abd9f0a145895187bfa
DOC-00242,DMR,DMR-全-20260421/PT9L 操作作业指导书（标准）-插件机芯1.0.xls,PT9L 操作作业指导书（标准）-插件机芯1.0.xls,PT9L 操作作业指导书（标准）-插件机芯1.0.xls,PT9L 操作作业指导书（标准）-插件机芯1.0,xls,7914496,2026-04-21T08:27:32+00:00,87c4d4a25a09678a07dc4f77591c0427,72ab5fde5c5f70b9b6b15475b56bac6a011ff0f6d429de8ac82e1a8337d0f34f
DOC-00243,DMR,DMR-全-20260421/PT9L 操作作业指导书（标准）-邦定机芯1.0.xlsx,PT9L 操作作业指导书（标准）-邦定机芯1.0.xlsx,PT9L 操作作业指导书（标准）-邦定机芯1.0.xlsx,PT9L 操作作业指导书（标准）-邦定机芯1.0,xlsx,20586704,2026-04-21T08:23:20+00:00,9e0370908979a950b3263fb02371cd82,e77a809130af2aea3a179d35d243161b985e27ef8e3122c980376956088c13a3
DOC-00244,DMR,DMR-全-20260421/PT9L 检验作业指导书（标准）-插件探头1.0.doc,PT9L 检验作业指导书（标准）-插件探头1.0.doc,PT9L 检验作业指导书（标准）-插件探头1.0.doc,PT9L 检验作业指导书（标准）-插件探头1.0,doc,177152,2026-04-21T01:25:48+00:00,0783182c866ca3fc9968aabad1c74e4b,aee8a3c16bbd26ee9f03d84f0a8367de85ebe1bf63e3ded4375b535cd34c0dc8
DOC-00245,DMR,DMR-全-20260421/PT9L 检验作业指导书（标准）-插件机芯1.0.doc,PT9L 检验作业指导书（标准）-插件机芯1.0.doc,PT9L 检验作业指导书（标准）-插件机芯1.0.doc,PT9L 检验作业指导书（标准）-插件机芯1.0,doc,204288,2026-04-21T01:25:48+00:00,e99b07955dfe69c61408698659ec757a,63d95a65c0c39655b96b4d7754e4918011cc71d5248c337046149ccc5816f982
DOC-00246,DMR,DMR-全-20260421/PT9L 检验作业指导书（标准）-邦定机芯1.0.docx,PT9L 检验作业指导书（标准）-邦定机芯1.0.docx,PT9L 检验作业指导书（标准）-邦定机芯1.0.docx,PT9L 检验作业指导书（标准）-邦定机芯1.0,docx,121958,2026-04-21T01:25:48+00:00,7b0029cc5a0ecc944c6100613ab4cea0,d79b388985fd82657a012ac5413fc42d26f034db7b0cd0cd9840a9ba32db4245
DOC-00247,DMR,DMR-全-20260421/PT9L主机操作作业指导书 （标准）-主机 1.0.xls,PT9L主机操作作业指导书 （标准）-主机 1.0.xls,PT9L主机操作作业指导书 （标准）-主机 1.0.xls,PT9L主机操作作业指导书 （标准）-主机 1.0,xls,11226624,2026-04-21T08:22:18+00:00,e64f281c1609a081c446287345461300,d52a7d33d7dff4c44302ed7c5146db036541e5e92d3ec026e44b27ab1aff2d7d
DOC-00248,DMR,DMR-全-20260421/PT9L出货检验作业指导（标准）成品1.0.xls,PT9L出货检验作业指导（标准）成品1.0.xls,PT9L出货检验作业指导（标准）成品1.0.xls,PT9L出货检验作业指导（标准）成品1.0,xls,2987008,2026-04-21T01:25:50+00:00,dea91a9d49a3734d01b66406080916f2,a017a0fe4061f10f52d04f71b28636be0c03782f97b1f4592d14218811c397a6
DOC-00249,DMR,DMR-全-20260421/PT9L出货检验规范.xls,PT9L出货检验规范.xls,PT9L出货检验规范.xls,PT9L出货检验规范,xls,87040,2026-04-21T01:25:50+00:00,048154d206bd5b618d9d935bb856ff37,54bd37c304eeb3ff980b511625c0f1027b4b945ff5dcd8ef01a6aec5f962d166
DOC-00250,DMR,DMR-全-20260421/PT9L失效模式及后果分析（过程FMEA）1.0.xlsx,PT9L失效模式及后果分析（过程FMEA）1.0.xlsx,PT9L失效模式及后果分析（过程FMEA）1.0.xlsx,PT9L失效模式及后果分析（过程FMEA）1.0,xlsx,567274,2026-04-21T09:06:00+00:00,0a12d4be7672b25181c516cd8d5da2e4,c988f608f4436266cf980a738f5dc774d1222f8f1cff86de8f15f66d50eae3fd
DOC-00251,DMR,DMR-全-20260421/PT9L工序控制大纲.xls,PT9L工序控制大纲.xls,PT9L工序控制大纲.xls,PT9L工序控制大纲,xls,250880,2026-04-21T09:06:58+00:00,8e3816ecd21fd43340c3324a6d7f6979,bda8c18d4c155faca576929269105db7e24b70064cb99a934f6972d35e632611
DOC-00252,DMR,DMR-全-20260421/PT9L操作作业指导书（标准）-下盖总成.xls,PT9L操作作业指导书（标准）-下盖总成.xls,PT9L操作作业指导书（标准）-下盖总成.xls,PT9L操作作业指导书（标准）-下盖总成,xls,273920,2026-04-21T01:25:50+00:00,65d110702a39b5144b332ee906bcab43,45e8eb9c40c09b71e18def4d5a33cfbe9649551eff22b82b29fe0e144c22e3e8
DOC-00253,DMR,DMR-全-20260421/PT9L操作作业指导书（标准）-丝印-1.0.xls,PT9L操作作业指导书（标准）-丝印-1.0.xls,PT9L操作作业指导书（标准）-丝印-1.0.xls,PT9L操作作业指导书（标准）-丝印-1.0,xls,2373632,2026-04-21T01:25:50+00:00,4f29c55274bfca6fa042f4d102052e20,033325414d5e7f252bcd6f823dcc2fe2ab8fa763feeb1d2d8ffb11b8b5f481f8
DOC-00254,DMR,DMR-全-20260421/PT9L检验作业指导书（标准）-主机1.0.xls,PT9L检验作业指导书（标准）-主机1.0.xls,PT9L检验作业指导书（标准）-主机1.0.xls,PT9L检验作业指导书（标准）-主机1.0,xls,600064,2026-04-21T01:25:50+00:00,0fd9924de6eddb4dd47c87104f2da982,4bd9b75b9b73374e9383b5602e5410fda6ed000b87b58be8da6c92219bd8bdf1
DOC-00255,DMR,DMR-全-20260421/PT9L组件清单1.0.xlsx,PT9L组件清单1.0.xlsx,PT9L组件清单1.0.xlsx,PT9L组件清单1.0,xlsx,74457,2026-04-21T06:01:18+00:00,f981fa5212c0f61e733480b9b7623c17,862a70cf62f5b4f7970eeec675454a601ca423392f58ae3871904809452763fb
DOC-00256,DMR,DMR-全-20260421/美国iHealth PT9L作业指导书白色- 包装.xls,美国iHealth PT9L作业指导书白色- 包装.xls,美国iHealth PT9L作业指导书白色- 包装.xls,美国iHealth PT9L作业指导书白色- 包装,xls,8714752,2026-04-21T08:31:36+00:00,326d25d00fc2c24ed693beba19e6b5e3,c9d27dbc504c9ab4b396164063d5b17bc5fa17ef1e58b4fba7f572313887a9ad
